"artist_name","in_cleaned_v2","in_strict","in_rejected","status"
"!Audacious Band","yes","no","no","cleaned_v2_only"
"10,000 Fathers","yes","no","no","cleaned_v2_only"
"10,000 Reasons (Bless The Lord)","yes","no","no","cleaned_v2_only"
"12Stone Worship","yes","no","no","cleaned_v2_only"
"7 Hills Worship","yes","no","no","cleaned_v2_only"
"Aaron Gillespie","yes","yes","no","cleaned_strict"
"Aaron Keyes","yes","yes","no","cleaned_strict"
"Aaron Shust","yes","yes","no","cleaned_strict"
"Aaron Williams (feat. Aaron Keyes)","yes","no","no","cleaned_v2_only"
"Abba (feat. Michelle Danae)","no","no","yes","rejected"
"ACC Worship","yes","no","no","cleaned_v2_only"
"Adam Bitter","no","no","yes","rejected"
"Adrienne Liesching and Geoff Moore","no","no","yes","rejected"
"After All (feat. Jonny Hupp)","no","no","yes","rejected"
"After The Music Fades","yes","no","no","cleaned_v2_only"
"Alan Jackson","yes","yes","no","cleaned_strict"
"All About Worship ? Michael Farren","yes","no","no","cleaned_v2_only"
"All About Worship ? Rhyan Shirley","yes","no","no","cleaned_v2_only"
"All He Says I Am","no","no","yes","rejected"
"All Sons & Daughters","yes","yes","no","cleaned_strict"
"All Sons & Daughters ? David Leonard","no","no","yes","rejected"
"All Things New","yes","yes","no","cleaned_strict"
"Allan","no","no","yes","rejected"
"Allan Scott","no","no","yes","rejected"
"Amanda Cook","yes","yes","no","cleaned_strict"
"Amazing Grace (My Chains are Gone)","yes","no","no","cleaned_v2_only"
"Amazing, Because It Is","no","no","yes","rejected"
"Anabeth Morgan","yes","no","no","cleaned_v2_only"
"Anchor Worship","yes","no","no","cleaned_v2_only"
"Andrew Ehrenzeller","no","no","yes","rejected"
"Andrew Peterson","yes","yes","no","cleaned_strict"
"Andy & Rachel Graham","no","no","yes","rejected"
"Anthem Lights","yes","yes","no","cleaned_strict"
"Anthony Evans","no","no","yes","rejected"
"Anthony Skinner","yes","yes","no","cleaned_strict"
"Antioch Music","yes","no","no","cleaned_v2_only"
"Antioch Music & Lindy Cofer","yes","no","no","cleaned_v2_only"
"ARISE Worship","yes","no","no","cleaned_v2_only"
"Asbury Worship Collective","yes","no","no","cleaned_v2_only"
"Ascend The Hill","yes","yes","no","cleaned_strict"
"Audrey Assad","yes","yes","no","cleaned_strict"
"Austin & Lindsey Adamec","no","no","yes","rejected"
"Awaken Generation","no","no","yes","rejected"
"Awaken Worship","yes","no","no","cleaned_v2_only"
"Awakening Worship","yes","no","no","cleaned_v2_only"
"Battle Belongs","no","no","yes","rejected"
"Bellarive","yes","yes","no","cleaned_strict"
"Ben & Noelle Kilgore ? David Leonard","no","no","yes","rejected"
"Ben Potter","no","no","yes","rejected"
"Bethany Music","yes","no","no","cleaned_v2_only"
"Bethany Wohrle - Bethel","yes","no","no","cleaned_v2_only"
"Bethel Music","yes","yes","no","cleaned_strict"
"Bethel Music & Amanda Cook","yes","no","no","cleaned_v2_only"
"Bethel Music & Brian Johnson","yes","no","no","cleaned_v2_only"
"Bethel Music & Jenn Johnson","yes","no","no","cleaned_v2_only"
"Bethel Music & Jeremy Riddle","yes","no","no","cleaned_v2_only"
"Bethel Music & Jonathan David & Melissa Helser","yes","no","no","cleaned_v2_only"
"Bethel Music & Josh Baldwin","yes","no","no","cleaned_v2_only"
"Bethel Music & Kim Walker Smith","yes","no","no","cleaned_v2_only"
"Bethel Music & Paul McClure","yes","no","no","cleaned_v2_only"
"Bethel Music & Steffany Frizzell Gretzinger","yes","no","no","cleaned_v2_only"
"Bethel Music & Steffany Gretzinger","yes","no","no","cleaned_v2_only"
"Bethel Music & William Matthews","yes","no","no","cleaned_v2_only"
"Bethel Music ? Amanda Lindsey Cook","yes","no","no","cleaned_v2_only"
"Bethel Music ? Bethany Wohrle","yes","no","no","cleaned_v2_only"
"Bethel Music ? Brian Johnson","yes","no","no","cleaned_v2_only"
"Bethel Music ? Jenn Johnson","yes","no","no","cleaned_v2_only"
"Bethel Music ? Jeremy Riddle ? Seffany Frizzell Gretzinger","yes","no","no","cleaned_v2_only"
"Bethel Music ? Kalley Heiligenthal","yes","no","no","cleaned_v2_only"
"Bethel Music ? Matt Stinton","yes","no","no","cleaned_v2_only"
"Bethel Music ? Steffany Frizzell Gretzinger","yes","no","no","cleaned_v2_only"
"Bethel Music ? William Matthews","yes","no","no","cleaned_v2_only"
"Bethel Music I Leeland Mooring","yes","no","no","cleaned_v2_only"
"Bethel Music I Steffany Gretzinger","yes","no","no","cleaned_v2_only"
"Bethel Worship Arts","yes","no","no","cleaned_v2_only"
"Big Daddy Weave","yes","yes","no","cleaned_strict"
"Bigger Than","no","no","yes","rejected"
"BJ Putnam","yes","no","no","cleaned_v2_only"
"Boyce Vocal Band","yes","no","no","cleaned_v2_only"
"Brad & Rebekah","no","no","yes","rejected"
"Brady Toops","no","no","yes","rejected"
"Brandon Lake","no","no","yes","rejected"
"Brandon Lake ? Brandon Lake ? David Hislop ? Matt Rash ? Brendon McCoy ? Lance Gatch ? Cole Collins ? Jordan Summers ? London Gatch ? Caroline Collins ? Nate Davis ? Destiny Zavala ? David Hislop ? Matthew Garber","no","no","yes","rejected"
"Brandon Lake ? Tasha Cobbs Leonard","no","no","yes","rejected"
"Bread & Wine & Ben Smith","no","no","yes","rejected"
"Breakaway Ministries","no","no","yes","rejected"
"Brenton Dowdy","no","no","yes","rejected"
"Brett Younker","yes","yes","no","cleaned_strict"
"Bri Babineaux","yes","yes","no","cleaned_strict"
"Brian and Jenn Johnson","yes","no","no","cleaned_v2_only"
"Brian Doerksen","yes","yes","no","cleaned_strict"
"Brian Houston","no","no","yes","rejected"
"Brian Johnson","yes","yes","no","cleaned_strict"
"BridgeCity","yes","no","no","cleaned_v2_only"
"Bright City","yes","yes","no","cleaned_strict"
"Britt Nicole","yes","yes","no","cleaned_strict"
"Brooke Ligertwood","no","no","yes","rejected"
"Brooke Ligertwood (feat. Brandon Lake)","no","no","yes","rejected"
"Bryan & Katie Torwalt","yes","yes","no","cleaned_strict"
"Build My Life","no","no","yes","rejected"
"C3 SYD","yes","no","no","cleaned_v2_only"
"C3 Toronto Worship","yes","no","no","cleaned_v2_only"
"CAIN","no","no","yes","rejected"
"CAIN ? Essential Worship","yes","no","no","cleaned_v2_only"
"Calvary Creative","no","no","yes","rejected"
"Canvas And Clay","no","no","yes","rejected"
"Canyon Hills Worship","yes","no","no","cleaned_v2_only"
"Captivated (feat. Tiffany Adams & Alyssa Sohn)","no","no","yes","rejected"
"Casey Darnell","yes","yes","no","cleaned_strict"
"Casting Crowns","yes","yes","no","cleaned_strict"
"Celebration Worship","yes","no","no","cleaned_v2_only"
"Celebration Worship ? Lindsey Brenner","yes","no","no","cleaned_v2_only"
"Central Bible College Worship Project","yes","no","no","cleaned_v2_only"
"Chapel Band","yes","no","no","cleaned_v2_only"
"Charity Gayle","yes","no","no","cleaned_v2_only"
"Charles Billingsley","yes","yes","no","cleaned_strict"
"Charlie Hall","yes","yes","no","cleaned_strict"
"Children Of Inheritance","no","no","yes","rejected"
"Chris & Bethany Solyntjes","no","no","yes","rejected"
"Chris McClarney","yes","yes","no","cleaned_strict"
"Chris Quilala","yes","yes","no","cleaned_strict"
"Chris Renzema","no","no","yes","rejected"
"Chris Renzema & Moriah Hazeltine","no","no","yes","rejected"
"Chris Tomlin","yes","yes","no","cleaned_strict"
"Christ Community Church","yes","no","no","cleaned_v2_only"
"Christ For The Nations Worship","yes","no","no","cleaned_v2_only"
"Christ For The Nations Worship ? Amber Trent","yes","no","no","cleaned_v2_only"
"Christ For The Nations Worship ? Faith Schneider","yes","no","no","cleaned_v2_only"
"Christ For The Nations Worship ? Gabriel Allred","yes","no","no","cleaned_v2_only"
"Christ For The Nations Worship ? Jessica Freeman","yes","no","no","cleaned_v2_only"
"Christ For The Nations Worship ? Jonathan Lewis","yes","no","no","cleaned_v2_only"
"Christ For The Nations Worship ? Kari Jobe","yes","no","no","cleaned_v2_only"
"Christ For The Nations Worship ? Keith Hulen","yes","no","no","cleaned_v2_only"
"Christ For The Nations Worship ? Klaus","yes","no","no","cleaned_v2_only"
"Christ For The Nations Worship ? Klaus ? Kari Jobe","yes","no","no","cleaned_v2_only"
"Christ For The Nations Worship ? Lauren Farmer ? Benson Eapen","no","no","yes","rejected"
"Christ For The Nations Worship ? Leeland Mooring","yes","no","no","cleaned_v2_only"
"Christ For The Nations Worship ? Rick Pino","yes","no","no","cleaned_v2_only"
"Christian Cuevas","no","no","yes","rejected"
"CHURCHOUSE","yes","no","no","cleaned_v2_only"
"Cindy Cruse Ratcliff","no","no","yes","rejected"
"Circuit Rider Music ? Joshua Brennt ? Eileen Walker","yes","no","no","cleaned_v2_only"
"Cities Worship - Closer","yes","no","no","cleaned_v2_only"
"Citipointe Worship","yes","no","no","cleaned_v2_only"
"Citipointe Worship ? Aaron Lucas","yes","no","no","cleaned_v2_only"
"Citipointe Worship ? Beau Lamshed","yes","no","no","cleaned_v2_only"
"Citipointe Worship ? Chardon Lewis","yes","no","no","cleaned_v2_only"
"Citizens ? Brian Eichelberger ? Zach Bolen","yes","no","no","cleaned_v2_only"
"Citizens ? Chris Tomlin ? Louie Giglio ? Zach Bolen","yes","no","no","cleaned_v2_only"
"Citizens ? Zach Bolen","yes","no","no","cleaned_v2_only"
"Cody Carnes","yes","yes","no","cleaned_strict"
"Cody Carnes (feat. Benjamin William Hastings)","no","no","yes","rejected"
"Cody Davenport","no","no","yes","rejected"
"Come And Tear Down The Walls","no","no","yes","rejected"
"Come Away (feat. Brock Human)","no","no","yes","rejected"
"Community Music","yes","yes","no","cleaned_strict"
"Copper Pointe Worship","yes","no","no","cleaned_v2_only"
"Corey Voss","yes","no","no","cleaned_v2_only"
"Cory Asbury","yes","yes","no","cleaned_strict"
"Covenant Worship","yes","yes","no","cleaned_strict"
"Covenant Worship, David & Nicole Binion","yes","no","no","cleaned_v2_only"
"Cross Worship ? D'Marcus Howard ? Darius Byers ? Troy Culbreth","no","no","yes","rejected"
"Crowder","yes","yes","no","cleaned_strict"
"Cultivation Generation ? Jesse Meyer ? Stephen Lampert ? The Neverclaim ? Vineyard Worship","no","no","yes","rejected"
"Curate Music","yes","no","no","cleaned_v2_only"
"Curt Vernon ? Julie Futch","yes","no","no","cleaned_v2_only"
"Dan Bremnes","yes","yes","no","cleaned_strict"
"Daniel Bashta","yes","yes","no","cleaned_strict"
"Danielle Munizzi","no","no","yes","rejected"
"Darlene Zschech","yes","no","no","cleaned_v2_only"
"David Ashley Trent","no","no","yes","rejected"
"David Brymer","yes","yes","no","cleaned_strict"
"David Crowder Band","yes","yes","no","cleaned_strict"
"David Leonard","no","no","yes","rejected"
"Deep Cries Out","yes","yes","no","cleaned_strict"
"Delirious?","no","no","yes","rejected"
"Derek Johnson","yes","yes","no","cleaned_strict"
"Desperation Band","yes","yes","no","cleaned_strict"
"Desperation Band ? Jon Egan","yes","no","no","cleaned_v2_only"
"Destination Worship","yes","no","no","cleaned_v2_only"
"Divine Exchange (feat. Corey Voss)","no","no","yes","rejected"
"Dustin Smith","yes","yes","no","cleaned_strict"
"East Coast Christian Center","no","no","yes","rejected"
"Eddie James","yes","yes","no","cleaned_strict"
"Eddie James ? Jayna Cullens ? Micayla Burnes","no","no","yes","rejected"
"Elevation Rhythm","yes","no","no","cleaned_v2_only"
"Elevation Worship","yes","yes","no","cleaned_strict"
"Elevation Worship & Brandon Lake","yes","no","no","cleaned_v2_only"
"Elevation Worship ? Chris Brown ? Brandon Lake ? Tiffany Hudson","no","no","yes","rejected"
"Elevation Worship ? Jonsal Barrientes","yes","no","no","cleaned_v2_only"
"Elevation Worship ? Steffany Gretzinger","yes","no","no","cleaned_v2_only"
"Elevation Worship ? Tauren Wells","yes","no","no","cleaned_v2_only"
"Elevation Worship Feat. Brandon Lake, Chris Brown & Chandler Moore","yes","no","no","cleaned_v2_only"
"Elevation Youth & Southland","yes","no","no","cleaned_v2_only"
"Eleven32 Music","yes","no","no","cleaned_v2_only"
"Elle Limebear","no","no","yes","rejected"
"Emily Irene Fertig","no","no","yes","rejected"
"Emu Youth & Emu Music","yes","no","no","cleaned_v2_only"
"Enter The Worship Circle ? 100 Portraits ? Waterdeep ? Don Chaffer ? Lori Chaffer","no","no","yes","rejected"
"Enter The Worship Circle ? 100 Portraits ? Waterdeep ? Robin Pasley ? Ben Pasley","no","no","yes","rejected"
"Enter the Worship Circle ? Aaron Strumpel ? Robin Pasley ? Tim and Laurie Thornton","no","no","yes","rejected"
"EQ Worship","yes","no","no","cleaned_v2_only"
"Equippers Church","yes","no","no","cleaned_v2_only"
"Essential Worship","yes","no","no","cleaned_v2_only"
"Ethos Church","yes","no","no","cleaned_v2_only"
"Evergreen Music ? Cole Bayer","yes","no","no","cleaned_v2_only"
"Everything And Nothing Less","no","no","yes","rejected"
"Faith","no","no","yes","rejected"
"Fall","no","no","yes","rejected"
"Fearless BND","yes","no","no","cleaned_v2_only"
"Feast Worship","yes","yes","no","cleaned_strict"
"Fee","yes","yes","no","cleaned_strict"
"Fee ? Casey Parnell ? Corey Parnell","no","no","yes","rejected"
"Fellowship Creative","yes","yes","no","cleaned_strict"
"Fellowship Student Ministry Worship","yes","no","no","cleaned_v2_only"
"Fike","no","no","yes","rejected"
"Fill Me Up (feat. Will Reagan)","no","no","yes","rejected"
"First Free Music ? Aaron Luttenegger","yes","no","no","cleaned_v2_only"
"Flyleaf","yes","yes","no","cleaned_strict"
"For All Seasons","yes","yes","no","cleaned_strict"
"for KING & COUNTRY","yes","yes","no","cleaned_strict"
"Forerunner Music & Brandon Oaks","yes","no","no","cleaned_v2_only"
"Forerunner Music ? Cory Asbury","yes","no","no","cleaned_v2_only"
"Forerunner Music ? Jaye Thomas ? Cory Asbury","yes","no","no","cleaned_v2_only"
"Forerunner Music ? Will Reagan ? United Pursuit Band","yes","no","no","cleaned_v2_only"
"Foursquare United Generation","no","no","yes","rejected"
"Foursquare Worship","yes","no","no","cleaned_v2_only"
"Francesca Battistelli","yes","yes","no","cleaned_strict"
"Fred Hammond","yes","yes","no","cleaned_strict"
"Freddy Rodriguez ? Integrity's Hosanna! Music","yes","no","no","cleaned_v2_only"
"Free Chapel","yes","yes","no","cleaned_strict"
"Free Chapel ? Israel Houghton ? Rory Comtois","no","no","yes","rejected"
"FREE CHAPEL MUSIC","yes","no","no","cleaned_v2_only"
"Free Worship","yes","no","no","cleaned_v2_only"
"Free Worship ? Alexandria De Jesus ? Anthony Gomez ? Ethan Greeghory Hulse ? Johan Sven Anders Asgarde ? Matthew Ross Armstrong","no","no","yes","rejected"
"Freedom Church","yes","no","no","cleaned_v2_only"
"Freedom Worship","yes","no","no","cleaned_v2_only"
"Fresh Life Worship","yes","no","no","cleaned_v2_only"
"Friends Worship","yes","no","no","cleaned_v2_only"
"Frontline Music","yes","no","no","cleaned_v2_only"
"Frontline Worship","yes","no","no","cleaned_v2_only"
"G12 Worship","yes","no","no","cleaned_v2_only"
"Gaither Vocal Band","yes","yes","no","cleaned_strict"
"Gateway Devotions ? Cody Carnes","yes","no","no","cleaned_v2_only"
"Gateway Devotions ? Zachary Cheatham","yes","no","no","cleaned_v2_only"
"Gateway Worship","yes","no","no","cleaned_v2_only"
"Gateway Worship (feat. Claire Smith)","yes","no","no","cleaned_v2_only"
"Gateway Worship ? Anna Byrd","yes","no","no","cleaned_v2_only"
"Gateway Worship ? Kari Jobe","yes","no","no","cleaned_v2_only"
"Gateway Worship ? Kirsten Takape","yes","no","no","cleaned_v2_only"
"Gateway Worship ? Ryan Edgar ? Meg Everheart","yes","no","no","cleaned_v2_only"
"Gateway Worship ? Thomas Miller ? Kari Jobe","yes","no","no","cleaned_v2_only"
"Gateway Youth","yes","no","no","cleaned_v2_only"
"Generation Unleashed","yes","yes","no","cleaned_strict"
"Give Me Jesus (feat. Abbie Gamboa)","no","no","yes","rejected"
"God Alone (feat. Shaun Garrison & Sarah Kroger)","no","no","yes","rejected"
"God Is Able","no","no","yes","rejected"
"God So Loved","no","no","yes","rejected"
"God, You?re So Good","no","no","yes","rejected"
"Grace City","yes","no","no","cleaned_v2_only"
"Grace Life Worship","yes","no","no","cleaned_v2_only"
"Gratitude","yes","no","no","cleaned_v2_only"
"GRAVES INTO GARDENS","yes","no","no","cleaned_v2_only"
"Greater","no","no","yes","rejected"
"Gungor","yes","yes","no","cleaned_strict"
"Harborside Music","yes","no","no","cleaned_v2_only"
"Harbourside Worship","yes","yes","no","cleaned_strict"
"Harvest","no","no","yes","rejected"
"Harvest Worship","yes","no","no","cleaned_v2_only"
"Harvest Worship ? Joshua Seller","yes","no","no","cleaned_v2_only"
"Healing Is Right ? Corey Voss","no","no","yes","rejected"
"Here Be Lions","yes","yes","no","cleaned_strict"
"Here Be Lions & Darlene Zschech","yes","no","no","cleaned_v2_only"
"Highlands Worship","yes","yes","no","cleaned_strict"
"Hillsong","yes","yes","no","cleaned_strict"
"Hillsong Chapel ? Jad Gillies","yes","no","no","cleaned_v2_only"
"Hillsong UNITED","yes","yes","no","cleaned_strict"
"Hillsong UNITED ? Benjamin William Hastings","yes","no","no","cleaned_v2_only"
"Hillsong UNITED ? Brooke Ligertwood","yes","no","no","cleaned_v2_only"
"Hillsong UNITED ? Chris Davenport ? Joel Houston","yes","no","no","cleaned_v2_only"
"Hillsong UNITED ? David Ware","yes","no","no","cleaned_v2_only"
"Hillsong UNITED ? Jad Gillies","yes","no","no","cleaned_v2_only"
"Hillsong UNITED ? Joel Houston ? Matt Crocker","yes","no","no","cleaned_v2_only"
"Hillsong UNITED ? Matt Crocker","yes","no","no","cleaned_v2_only"
"Hillsong UNITED ? Reuben Morgan","yes","no","no","cleaned_v2_only"
"Hillsong UNITED ? TAYA","yes","no","no","cleaned_v2_only"
"Hillsong UNITED ? TAYA ? Aodh?n King","yes","no","no","cleaned_v2_only"
"Hillsong Worship","yes","yes","no","cleaned_strict"
"Hillsong Worship ? Aodh?n King","yes","no","no","cleaned_v2_only"
"Hillsong Worship ? Benjamin William Hastings","yes","no","no","cleaned_v2_only"
"Hillsong Worship ? Brooke Ligertwood","yes","no","no","cleaned_v2_only"
"Hillsong Worship ? Brooke Ligertwood ? Reuben Morgan","yes","no","no","cleaned_v2_only"
"Hillsong Worship ? David Ware","yes","no","no","cleaned_v2_only"
"Hillsong Worship ? Hannah Hobbs","yes","no","no","cleaned_v2_only"
"Hillsong Worship ? Hannah Hobbs ? Matt Crocker","yes","no","no","cleaned_v2_only"
"Hillsong Worship ? Hillsong Young & Free","yes","no","no","cleaned_v2_only"
"Hillsong Worship ? Jad Gillies","yes","no","no","cleaned_v2_only"
"Hillsong Worship ? Joel Houston","yes","no","no","cleaned_v2_only"
"Hillsong Worship ? Matt Crocker","yes","no","no","cleaned_v2_only"
"Hillsong Worship ? Tasha Cobbs Leonard ? Brooke Ligertwood","yes","no","no","cleaned_v2_only"
"Hillsong Young & Free","yes","yes","no","cleaned_strict"
"Hillsong Young & Free ? Alexander Pappas","yes","no","no","cleaned_v2_only"
"Hillsong Young & Free ? Alexander Pappas ? Melodie Wagner","yes","no","no","cleaned_v2_only"
"Hillsong Young & Free ? Aodh?n King","yes","no","no","cleaned_v2_only"
"Hillsong Young & Free ? Melodie Wagner","yes","no","no","cleaned_v2_only"
"His Wounds","no","no","yes","rejected"
"Holy Forever","no","no","yes","rejected"
"Homegrown Worship","yes","no","no","cleaned_v2_only"
"Hope Chapel","yes","no","no","cleaned_v2_only"
"Hosanna","yes","yes","no","cleaned_strict"
"House Of God, Forever","no","no","yes","rejected"
"Housefires","yes","yes","no","cleaned_strict"
"How Great Is Our God","yes","no","no","cleaned_v2_only"
"HTC Music","yes","no","no","cleaned_v2_only"
"I AM FUTURE","yes","yes","no","cleaned_strict"
"I Am Not the Same","no","no","yes","rejected"
"I AM THEY","yes","yes","no","cleaned_strict"
"I Breathe You in, God","no","no","yes","rejected"
"ICF Worship","yes","no","no","cleaned_v2_only"
"ICF Worship ? Debora Sita","yes","no","no","cleaned_v2_only"
"ICF Worship ? Luca Aprile","yes","no","no","cleaned_v2_only"
"In the City","yes","no","no","cleaned_v2_only"
"Influence Music ? Matt Gilman","yes","no","no","cleaned_v2_only"
"Influence Music ? Melody Noel","yes","no","no","cleaned_v2_only"
"Influence Music ? Melody Noel ? William Matthews","yes","no","no","cleaned_v2_only"
"Influence Music ? Michael Ketterer","yes","no","no","cleaned_v2_only"
"Influence Music ? Whitney Medina","yes","no","no","cleaned_v2_only"
"Informants","no","no","yes","rejected"
"InSalvation","no","no","yes","rejected"
"Integrity's Hosanna! Music ? Covenant Worship ? Nicole Binion ? Israel Houghton","no","no","yes","rejected"
"Iron Bell Music","yes","yes","no","cleaned_strict"
"Isla Vista Worship","yes","yes","no","cleaned_strict"
"Israel & New Breed","yes","yes","no","cleaned_strict"
"Israel & New Breed ? BJ Putnam","no","no","yes","rejected"
"Israel & New Breed ? Jeremiah Woods","no","no","yes","rejected"
"Israel & New Breed ? Onaje Jefferson","yes","no","no","cleaned_v2_only"
"Israel Houghton","yes","no","no","cleaned_v2_only"
"Israel Houghton & New Breed","no","no","yes","rejected"
"Jacob Cantrell & Capital City Music","yes","no","no","cleaned_v2_only"
"Jake Hamilton","yes","yes","no","cleaned_strict"
"Jared Anderson","yes","no","no","cleaned_v2_only"
"Jarod Espy","no","no","yes","rejected"
"Jason Morant","yes","yes","no","cleaned_strict"
"Jason Upton","yes","yes","no","cleaned_strict"
"Jaye Thomas","yes","yes","no","cleaned_strict"
"Jeff Deyo ? Anadara","no","no","yes","rejected"
"Jeff Deyo ? SonicFlood ? Unknown","no","no","yes","rejected"
"Jenn Johnson, Brian Johnson & Bethel Music","yes","no","no","cleaned_v2_only"
"Jeremy Camp","yes","yes","no","cleaned_strict"
"Jeremy Lowe","yes","no","no","cleaned_v2_only"
"Jeremy Riddle","yes","yes","no","cleaned_strict"
"Jesus Culture ? Bryan Torwalt","no","no","yes","rejected"
"Jesus Culture ? Chris Quilala","yes","no","no","cleaned_v2_only"
"Jesus Culture ? Kim Walker","yes","no","no","cleaned_v2_only"
"Jesus Culture ? Melissa How","yes","no","no","cleaned_v2_only"
"Jesus Culture Band/Chris Quilala","yes","no","no","cleaned_v2_only"
"Jesus Culture Band/Kim Walker","yes","no","no","cleaned_v2_only"
"Jesus Only You","no","no","yes","rejected"
"Jesus Pursuit Church","yes","no","no","cleaned_v2_only"
"Jesus, I Surrender","no","no","yes","rejected"
"Jesus, Son of God","no","no","yes","rejected"
"Jesus, We Love You","no","no","yes","rejected"
"Jimi Cravity","yes","yes","no","cleaned_strict"
"Jimmy McNeal","no","no","yes","rejected"
"Jireh","yes","yes","no","cleaned_strict"
"John Connor","no","no","yes","rejected"
"Jon Neufeld","no","no","yes","rejected"
"Jon Webster","no","no","yes","rejected"
"Jonah33","no","no","yes","rejected"
"Jonathan David & Melissa Helser","yes","yes","no","cleaned_strict"
"Jonathan David Helser ? Melissa Helser","no","no","yes","rejected"
"Jonathan McReynolds","yes","yes","no","cleaned_strict"
"Jonny & the Jazzuits","yes","no","no","cleaned_v2_only"
"Jonny Lang","no","no","yes","rejected"
"Jordan & Kristin Rippy","no","no","yes","rejected"
"Jordan Howerton Band","yes","no","no","cleaned_v2_only"
"Josh Baldwin","yes","yes","no","cleaned_strict"
"Josh McCabe","no","no","yes","rejected"
"Joy of the Lord (feat. Dante Bowe, Naomi Raine. Katie Torwalt & Mav City Gospel Choir)","no","no","yes","rejected"
"Justin Jarvis","no","no","yes","rejected"
"Justin Johnston","no","no","yes","rejected"
"Justin Kintzel","no","no","yes","rejected"
"Justin Owens","no","no","yes","rejected"
"Justin Rizzo","yes","yes","no","cleaned_strict"
"Justin Tweito","no","no","yes","rejected"
"Kari Jobe","yes","yes","no","cleaned_strict"
"Kari Jobe | Elevation Worship","yes","no","no","cleaned_v2_only"
"Kaylee + Erica","no","no","yes","rejected"
"Kees Kraayenoord ? Reyer","no","no","yes","rejected"
"Kerrie Roberts","no","no","yes","rejected"
"Kim Walker","yes","yes","no","cleaned_strict"
"King of My Heart","no","no","yes","rejected"
"Kingdom","no","no","yes","rejected"
"Kingdom Culture Worship ? Bradley Riddle ? Abigail Heineback","yes","no","no","cleaned_v2_only"
"Kingdom Culture Worship ? Jessie","yes","no","no","cleaned_v2_only"
"Kings Kaleidoscope ? Chadwick William Gardner","no","no","yes","rejected"
"Kristene DiMarco","yes","yes","no","cleaned_strict"
"Kristian Stanfill","yes","yes","no","cleaned_strict"
"Kutless","yes","yes","no","cleaned_strict"
"Laity","yes","no","no","cleaned_v2_only"
"Lakewood Music","yes","no","no","cleaned_v2_only"
"Laura Story","yes","yes","no","cleaned_strict"
"Lauren Daigle","yes","yes","no","cleaned_strict"
"Lawson Bates ? Emily Ann Roberts","no","no","yes","rejected"
"Lead","no","no","yes","rejected"
"Leeland","yes","yes","no","cleaned_strict"
"LeeU Worship","yes","no","no","cleaned_v2_only"
"Let Me In (feat. Brock Human)","no","no","yes","rejected"
"Let the Worshippers Arise","yes","no","no","cleaned_v2_only"
"Liberty Campus Band","yes","no","no","cleaned_v2_only"
"Liberty Worship Collective","yes","no","no","cleaned_v2_only"
"Life Church Music","yes","no","no","cleaned_v2_only"
"LIFE Worship","yes","yes","no","cleaned_strict"
"LIFE Worship ? Eby Corydon","yes","no","no","cleaned_v2_only"
"Lifehouse","no","no","yes","rejected"
"Lifepoint Worship","yes","no","no","cleaned_v2_only"
"Lincoln Brewster","yes","no","no","cleaned_v2_only"
"Lindy Conant ? The Circuit Riders","yes","no","no","cleaned_v2_only"
"Lion and the Lamb","no","no","yes","rejected"
"Lion's Den ? Bobby Forrester ? Blake Wiggins","no","no","yes","rejected"
"Lord, Let Your Glory Fall","no","no","yes","rejected"
"Lost and Found","yes","yes","no","cleaned_strict"
"Lou Fellingham","yes","yes","no","cleaned_strict"
"Loud Harp","no","no","yes","rejected"
"Love","no","no","yes","rejected"
"Love of God","no","no","yes","rejected"
"Lovechurch Worship","yes","no","no","cleaned_v2_only"
"Luke + Anna Hellebronth","no","no","yes","rejected"
"Lyric Video | Elevation Worship","yes","no","no","cleaned_v2_only"
"LZ7","no","no","yes","rejected"
"Mack Brock","yes","yes","no","cleaned_strict"
"Maranatha Worship","yes","no","no","cleaned_v2_only"
"Maranatha! Music","yes","no","no","cleaned_v2_only"
"Maranatha! Praise Band","yes","no","no","cleaned_v2_only"
"Marathon Church","yes","no","no","cleaned_v2_only"
"Marie Barnett","yes","yes","no","cleaned_strict"
"Mark & Sarah Tillman","no","no","yes","rejected"
"Mass Anthem","no","no","yes","rejected"
"Matt Bayless","yes","no","no","cleaned_v2_only"
"Matt Gilman","yes","yes","no","cleaned_strict"
"Matt Littlejohn Band","yes","no","no","cleaned_v2_only"
"Matt Maher","yes","yes","no","cleaned_strict"
"Matt Redman","yes","no","no","cleaned_v2_only"
"Matt Redman ? Tasha Cobbs Leonard","no","no","yes","rejected"
"Maverick City & UPPERROOM","yes","no","no","cleaned_v2_only"
"Maverick City Music ? UPPERROOM ? Dante Bowe ? Elyssa Smith ? Oscar Gamboa ? Joel Figeora","no","no","yes","rejected"
"Maverick City Music ? UPPERROOM ? Housefires ? Dante Bowe ? Maryanne J. George ? Aaron Moses ? Jesse Cline ? Maryanne J George ? Chuck Butler ? Enrique Holmes","no","no","yes","rejected"
"Me In Motion","no","no","yes","rejected"
"Meredith Andrews","yes","yes","no","cleaned_strict"
"Meredith Andrews (feat. Sarah Reeves & Chris McClarney)","no","no","yes","rejected"
"Meredith Hobbs","no","no","yes","rejected"
"Michael Farren","no","no","yes","rejected"
"Michael Gungor","yes","yes","no","cleaned_strict"
"Michael Shannon","no","no","yes","rejected"
"Michael W. Smith","yes","yes","no","cleaned_strict"
"Michael W. Smith ? Kari Jobe","no","no","yes","rejected"
"Michaela McLaird","no","no","yes","rejected"
"Mighty To Save","no","no","yes","rejected"
"Misty Edwards","yes","yes","no","cleaned_strict"
"Montell Jordan ? Victory World Music","yes","no","no","cleaned_v2_only"
"Monterey Music","yes","no","no","cleaned_v2_only"
"More And More","no","no","yes","rejected"
"Mosaic","yes","yes","no","cleaned_strict"
"Mosaic MSC","yes","yes","no","cleaned_strict"
"MUTEMATH","no","no","yes","rejected"
"My City Worship","yes","no","no","cleaned_v2_only"
"My Jesus","no","no","yes","rejected"
"Nashville Life Music ? Dwan Hill","yes","no","no","cleaned_v2_only"
"Nate Hale","no","no","yes","rejected"
"Nathan Taylor","no","no","yes","rejected"
"New Collective","yes","no","no","cleaned_v2_only"
"New Hope New York","no","no","yes","rejected"
"New Hope Oahu","no","no","yes","rejected"
"New Hope Oahu ? Jana Anguay Alcain","no","no","yes","rejected"
"New Life Worship","yes","no","no","cleaned_v2_only"
"New Life Worship ? Integrity's Hosanna! Music","yes","no","no","cleaned_v2_only"
"New Life Worship ? Integrity's Hosanna! Music ? Desperation Band ? Ross Parsley","no","no","yes","rejected"
"New Wine Worship","yes","no","no","cleaned_v2_only"
"Newport","no","no","yes","rejected"
"Newsboys","no","no","yes","rejected"
"NewSpring Worship","yes","no","no","cleaned_v2_only"
"Nichole Nordeman ? Plumb","no","no","yes","rejected"
"Nick Thurmond","yes","no","no","cleaned_v2_only"
"NLC Worship","yes","no","no","cleaned_v2_only"
"North Point Insideout Ft. Seth Condrey","no","no","yes","rejected"
"North Point Worship ? Casey Darnell","yes","no","no","cleaned_v2_only"
"North Point Worship ? Clay Finnesand","yes","no","no","cleaned_v2_only"
"North Point Worship ? Seth Condrey","yes","no","no","cleaned_v2_only"
"North Point Worship ? Todd Fields ? Candi Pearson Shelton","yes","no","no","cleaned_v2_only"
"Northwest Collective ? The Modern Post ? Dustin Kensrue","yes","no","no","cleaned_v2_only"
"Norton Hall Band","yes","yes","no","cleaned_strict"
"Now And Forever","no","no","yes","rejected"
"O Taste and See","no","no","yes","rejected"
"Oceans (Where Feet May Fail)","no","no","yes","rejected"
"Oceans Above","no","no","yes","rejected"
"Of the Land ? Joel S. Ramirez","no","no","yes","rejected"
"ONE A Worship Collective ? Ryan Williams","yes","no","no","cleaned_v2_only"
"One Hope Project","no","no","yes","rejected"
"one sonic society","yes","no","no","cleaned_v2_only"
"One Thing Remains","no","no","yes","rejected"
"Only King Forever (Radio Edit)","no","no","yes","rejected"
"Open Heaven","yes","no","no","cleaned_v2_only"
"Our God","no","no","yes","rejected"
"Passion ? Charlie Hall","no","no","yes","rejected"
"Passion ? Chris Tomlin","yes","no","no","cleaned_v2_only"
"Passion ? Chris Tomlin ? Christy Nockels","yes","no","no","cleaned_v2_only"
"Passion ? Chris Tomlin ? Matt Redman","yes","no","no","cleaned_v2_only"
"Passion ? Kristian Stanfill","yes","no","no","cleaned_v2_only"
"Pat Barrett","yes","no","no","cleaned_v2_only"
"Paul Baloche","no","no","yes","rejected"
"Pearl City Worship","yes","no","no","cleaned_v2_only"
"People & Songs","no","no","yes","rejected"
"Phil Wickham","yes","no","no","cleaned_v2_only"
"Phil Wickham ? Chris Quilala","no","no","yes","rejected"
"Phil Wickham ? Peter Kipley","no","no","yes","rejected"
"Phil Wickham ? Travis Ryan","no","no","yes","rejected"
"Planetshakers","yes","no","no","cleaned_v2_only"
"Planetshakers ? Israel Houghton","yes","no","no","cleaned_v2_only"
"Pocket Full Of Rocks","yes","no","no","cleaned_v2_only"
"Praise Him","no","no","yes","rejected"
"Press Play","no","no","yes","rejected"
"Pursue Worship","yes","no","no","cleaned_v2_only"
"Rachael Skrobot","yes","no","no","cleaned_v2_only"
"Raise a Hallelujah","no","no","yes","rejected"
"Ramp Worship","yes","no","no","cleaned_v2_only"
"Red Rocks Worship","yes","no","no","cleaned_v2_only"
"Rend Collective","yes","no","no","cleaned_v2_only"
"Ricardo Sanchez","yes","no","no","cleaned_v2_only"
"Rich Dicas & KXC","no","no","yes","rejected"
"Rick Cua","no","no","yes","rejected"
"Rick Pino","yes","no","no","cleaned_v2_only"
"Rick Pino ? Kari Jobe","no","no","yes","rejected"
"Riley Erin","no","no","yes","rejected"
"Rising Sun","no","no","yes","rejected"
"Rising Worship ? Wes Compton ? Jake Ledwell","yes","no","no","cleaned_v2_only"
"Rita Springer","yes","no","no","cleaned_v2_only"
"River Valley Worship ? Clinton Allen ? Wesley Schrock","yes","no","no","cleaned_v2_only"
"River Valley Worship ? KK Brink ? Ryan Williams ? Evan John ? Clinton Allen ? Michael Fatkin","no","no","yes","rejected"
"River Valley Worship ? Ryan Williams","yes","no","no","cleaned_v2_only"
"River Valley Worship ? Ryan Williams ? Evan John ? Wesley Schrock ? Aaron Johnson ? Michael Fatkin","no","no","yes","rejected"
"River Valley Worship ? Ryan Williams ? KK Strasburg","yes","no","no","cleaned_v2_only"
"River Valley Worship ? Wesley Schrock ? Evan John ? Aaron Johnson ? Ryan Williams","no","no","yes","rejected"
"River Valley Worship ? Wesley Schrock ? Evan John ? Michael Fatkin ? Clinton Allen ? Ryan Williams","no","no","yes","rejected"
"Rivers & Robots ? David Brymer","no","no","yes","rejected"
"Rob Eisner","no","no","yes","rejected"
"Rock City Worship","yes","no","no","cleaned_v2_only"
"Rootsdeepdown ? Ethan & Chelsea Fenton","no","no","yes","rejected"
"Roy Fields","no","no","yes","rejected"
"Run51","no","no","yes","rejected"
"Running In Circles (feat. Will Reagan)","no","no","yes","rejected"
"Rush Worship","yes","no","no","cleaned_v2_only"
"Ryan Axtell","no","no","yes","rejected"
"Ryan Ellis","yes","no","no","cleaned_v2_only"
"Saddleback Worship","yes","no","no","cleaned_v2_only"
"Sagebrush Music","yes","no","no","cleaned_v2_only"
"Sagu Worship","yes","no","no","cleaned_v2_only"
"Sarah Emerson","no","no","yes","rejected"
"Sarah McMillan","no","no","yes","rejected"
"Scott Blackwell","no","no","yes","rejected"
"Sean Feucht","yes","no","no","cleaned_v2_only"
"See His Love (feat. Tim Hughes)","no","no","yes","rejected"
"Selah","yes","no","no","cleaned_v2_only"
"Seph Schlueter","no","no","yes","rejected"
"Set Your Seal Upon My Heart","no","no","yes","rejected"
"SEU Worship","yes","no","no","cleaned_v2_only"
"SEU Worship ? David Ryan Cook ? Ryan Len Johnson","yes","no","no","cleaned_v2_only"
"SEU Worship ? Ryan Len Johnson","yes","no","no","cleaned_v2_only"
"Seventh Day Slumber","yes","no","no","cleaned_v2_only"
"Seventh Day Slumber ? Joel Houston","no","no","yes","rejected"
"Shane & Shane","yes","no","no","cleaned_v2_only"
"Shane Barnard ? Bob Fitts ? Shane Barnard","no","no","yes","rejected"
"Shane Everett","yes","no","no","cleaned_v2_only"
"Simple","no","no","yes","rejected"
"Since Your Love (feat. Brandon Hampton)","no","no","yes","rejected"
"SisterBrother","no","no","yes","rejected"
"Skillet","yes","no","no","cleaned_v2_only"
"Skull Church","yes","no","no","cleaned_v2_only"
"Skyhook","no","no","yes","rejected"
"So Good to Me","no","no","yes","rejected"
"Sojourn","no","no","yes","rejected"
"Soul City Worship ? Patrick Mayberry","yes","no","no","cleaned_v2_only"
"Soul Survivor","no","no","yes","rejected"
"Southside Worship","yes","no","no","cleaned_v2_only"
"SOUTHVILLE","no","no","yes","rejected"
"Sovereign Grace Music","yes","no","no","cleaned_v2_only"
"Starfield","no","no","yes","rejected"
"Stars Go Dim","no","no","yes","rejected"
"Steffany Gretzinger","no","no","yes","rejected"
"Stephen Miller","no","no","yes","rejected"
"Stephen Witt","no","no","yes","rejected"
"Stew Mcilrath","no","no","yes","rejected"
"Stockholm Worship","yes","no","no","cleaned_v2_only"
"Stronger","no","no","yes","rejected"
"Summit Collective","yes","no","no","cleaned_v2_only"
"Summit Worship","yes","no","no","cleaned_v2_only"
"TFH Worship","yes","no","no","cleaned_v2_only"
"The Almost","no","no","yes","rejected"
"The Belonging Co (feat. David Dennis)","no","no","yes","rejected"
"The Belonging Co ? Cody Carnes","no","no","yes","rejected"
"The Belonging Co ? Daniella Mason","no","no","yes","rejected"
"The Belonging Co ? Henry Seeley","no","no","yes","rejected"
"The Belonging Co ? Natalie Grant","no","no","yes","rejected"
"The Beloved Music","yes","no","no","cleaned_v2_only"
"The Church Will Sing","yes","no","no","cleaned_v2_only"
"The Classic City Collective","yes","no","no","cleaned_v2_only"
"The Crossing Collective","yes","no","no","cleaned_v2_only"
"The Digital Age","no","no","yes","rejected"
"The Eagle and Child","yes","no","no","cleaned_v2_only"
"The Fifth Service","no","no","yes","rejected"
"The Harvest ? Tracy Minor","no","no","yes","rejected"
"The Heart Of Worship","yes","no","no","cleaned_v2_only"
"The Michael Gungor Band","yes","no","no","cleaned_v2_only"
"The Museum","no","no","yes","rejected"
"The Neverclaim","yes","no","no","cleaned_v2_only"
"The New Collective ? Chelsea Phillips","yes","no","no","cleaned_v2_only"
"The Outsiders","yes","no","no","cleaned_v2_only"
"The Potter's House ? Planetshakers","yes","no","no","cleaned_v2_only"
"The Rock Music ? Steele Croswhite","yes","no","no","cleaned_v2_only"
"The Royal Royal","yes","no","no","cleaned_v2_only"
"The Silver Pages ? Latifah Alattas","no","no","yes","rejected"
"The Simple Truth (feat. Ruth Preston)","no","no","yes","rejected"
"The Spark","no","no","yes","rejected"
"The Summit Church ? Kat Robertson","yes","no","no","cleaned_v2_only"
"The Village Church ? Grant McCurdy ? Michael Bleecker ? Jeff Capps","no","no","yes","rejected"
"The Voyage","no","no","yes","rejected"
"The Well MSC","no","no","yes","rejected"
"The Worship Initiative ? Shane & Shane ? Bethany Barnard ? Adam Westlake ? Ross Fishburn","no","no","yes","rejected"
"The Worship Initiative and Shane & Shane","yes","no","no","cleaned_v2_only"
"Thine Worship","yes","no","no","cleaned_v2_only"
"Third Day","yes","no","no","cleaned_v2_only"
"Throne Room (feat. WangJin Yoon) (Original Recording)","no","no","yes","rejected"
"Tim Hughes","yes","no","no","cleaned_v2_only"
"Tim Timmons","no","no","yes","rejected"
"To You Be the Glory","no","no","yes","rejected"
"Todd Agnew","no","no","yes","rejected"
"Tom Eccleshall & KXC","no","no","yes","rejected"
"Tommee Profitt Band feat. Brooke Griffith","yes","no","no","cleaned_v2_only"
"Travis Ryan","yes","no","no","cleaned_v2_only"
"Tree63","no","no","yes","rejected"
"Trevor Walker","no","no","yes","rejected"
"TRIBL MUSIC","yes","no","no","cleaned_v2_only"
"Umobile Worship","yes","no","no","cleaned_v2_only"
"Upper Room Music","yes","no","no","cleaned_v2_only"
"UPPERROOM ? Abbie Gamboa","no","no","yes","rejected"
"UPPERROOM ? Elyssa Figueroa","no","no","yes","rejected"
"Urban Rescue","no","no","yes","rejected"
"Vertical Worship","yes","no","no","cleaned_v2_only"
"Vertical Worship ? Andi Rozier","yes","no","no","cleaned_v2_only"
"Vertical Worship ? Heather Headley","yes","no","no","cleaned_v2_only"
"Vertical Worship ? Jon Guerra","yes","no","no","cleaned_v2_only"
"Vertical Worship ? Meredith Andrews","yes","no","no","cleaned_v2_only"
"Vicky Beeching","no","no","yes","rejected"
"VICTORY","yes","no","no","cleaned_v2_only"
"Vineyard Worship","yes","no","no","cleaned_v2_only"
"Vineyard Worship ? Anabeth Morgan","yes","no","no","cleaned_v2_only"
"Vineyard Worship ? Andy Hatherly","yes","no","no","cleaned_v2_only"
"Vineyard Worship ? Dana Masters","yes","no","no","cleaned_v2_only"
"Vineyard Worship ? Joshua Miller","yes","no","no","cleaned_v2_only"
"Vineyard Worship ? Sarah Elmer","yes","no","no","cleaned_v2_only"
"Voices of Lee","no","no","yes","rejected"
"VOUS Worship","yes","no","no","cleaned_v2_only"
"Waiting Here For You (feat. Sarah Bird)","no","no","yes","rejected"
"Warr Acres","no","no","yes","rejected"
"Watermark Worship","yes","no","no","cleaned_v2_only"
"Wave Church Worship","yes","no","no","cleaned_v2_only"
"We Love Your Name (feat. the Cry)","no","no","yes","rejected"
"We the Union","no","no","yes","rejected"
"Will Morrison","no","no","yes","rejected"
"Will Reagan","yes","no","no","cleaned_v2_only"
"Will Reagan & United Pursuit","no","no","yes","rejected"
"William Matthews ? Lisa Gungor","no","no","yes","rejected"
"William McDowell","yes","no","no","cleaned_v2_only"
"William McDowell ? Danny Gokey","no","no","yes","rejected"
"Wind & Embers","no","no","yes","rejected"
"WordShip","yes","no","no","cleaned_v2_only"
"Worship Central","yes","no","no","cleaned_v2_only"
"Worship Central ? Ben Cantelon","yes","no","no","cleaned_v2_only"
"Worship Central ? Luke Hellebronth","yes","no","no","cleaned_v2_only"
"Worship Central ? Nick Herbert","yes","no","no","cleaned_v2_only"
"Worship Central Australia","yes","no","no","cleaned_v2_only"
"Worship Song Lyrics","yes","no","no","cleaned_v2_only"
"Yes I Will","no","no","yes","rejected"
"Yet Not I, But Through Christ In Me","no","no","yes","rejected"
"You And You Alone","no","no","yes","rejected"
"You Satisfy (feat. Elyssa Smith)","no","no","yes","rejected"
"Young Oceans","no","no","yes","rejected"
"Your Promises","no","no","yes","rejected"
"YouthQuake Worship","yes","no","no","cleaned_v2_only"
"Zac Hicks + Cherry Creek Worship","yes","no","no","cleaned_v2_only"
"Zach Neese","yes","no","no","cleaned_v2_only"
"Zealand Worship","yes","no","no","cleaned_v2_only"
