title,artist,song_key,reason
Como En El Cielo (Here As In Heaven),Elevation Worship,D,missing_chords
,,,"missing_title,missing_artist,missing_chords"
Only King Forever,Elevation Worship,C,missing_chords
Our King Has Come,Elevation Worship,F,missing_chords
Wont Stop Now,Elevation Worship,G,missing_chords
Wont Stop Now,Elevation Worship,,missing_chords
Do Ya,Electric Light Orchestra,D,missing_chords
All Hail the Power of Jesus Name,Edward Perronet,E,missing_chords
Infant Holy Infant Lowly,Edith Reed,G,missing_chords
Show Me The Way Back To Your,Eddy Arnold,C,missing_chords
Forgive And Forget,Eddie Rabbitt,C,missing_chords
Lay Your Weapons Down,Eddie Kirkland,Db,missing_chords
You Are Jehovah,Eddie James,Db,missing_chords
All Creation Worship You,Eddie Expinosa,C,missing_chords
Cmon Everybody,Eddie Cochran,E,missing_chords
After The Thrill Is Gone,Eagles,G,missing_chords
Fast Company,Eagles,Bm,missing_chords
Singing Joy To The World,Fruit Bats,G,missing_chords
CMFI Worship,Fresh Annointing,D,missing_chords
Bad Reputation,Freedy Johnston,Em,missing_chords
"Oh, How I Love Jesus",Frederick Whitfield,D,missing_chords
Theres a Wideness in Gods Mercy [to the tune of,"Frederick W. Faber, adapted by Darrell Tienou-Gust",C,missing_chords
God Is Here! As We His People,"Fred Pratt Green, b. 1903",G,missing_chords
Blessings & Honor,Fred Hammond & RFC,E,missing_chords
Be Born In Me,Francesca Battistelli,A,missing_chords
Be Born In Me,Francesca Battistelli,D,missing_chords
Christmas Is,Francesca Battistelli,A,missing_chords
Holy Spirit,Francesca Battistelli,D,missing_chords
Keeping Score,Francesca Battistelli,B,missing_chords
"Pass Me Not, O Gentle Savior",Frances J Crosby,G,missing_chords
Crave,For King & Country,A,missing_chords
Missing,For King & Country,Bbm,missing_chords
Sane,For King & Country,C,missing_chords
Break Your Knees,Flyleaf,Am,missing_chords
Enemy,Flyleaf,Dm,missing_chords
Fire Fire,Flyleaf,A,missing_chords
Freedom,Flyleaf,Em,missing_chords
Home,Flyleaf,G,missing_chords
Im So Sick,Flyleaf,G,missing_chords
In The Dark,Flyleaf,Em,missing_chords
Justice And Mercy,Flyleaf,C,missing_chords
Mama,Flyleaf,C,missing_chords
Sober Serenade,Flyleaf,Bm,missing_chords
Stay Faraway So Close,Flyleaf,G,missing_chords
Treasure,Flyleaf,Em,missing_chords
Banner Year,Five Iron Frenzy,D,missing_chords
Dark Days,FireWater,A,missing_chords
I Am,Finding Favour,D,missing_chords
I Am,Finding Favour,B,missing_chords
Astronaut,FFH,D,missing_chords
Because Of Who You Are,FFH,G,missing_chords
Because Of Who You Are,FFH,G,missing_chords
Because Of Who You Are,FFH,G,missing_chords
Im Alright,FFH,D,missing_chords
Its Been A Long Time,FFH,G,missing_chords
Its Still The Cross,FFH,C,missing_chords
Where You Are,FFH,A,missing_chords
Angel Fire,Fernando Ortega,F#m,missing_chords
Camino Largo,Fernando Ortega,G,missing_chords
Come Ye Sinners Poor And Needy,Fernando Ortega,F#m,missing_chords
Flama De Ángel,Fernando Ortega,Gm,missing_chords
How Deep The Fathers Love For Us,Fernando Ortega,E,missing_chords
Jehová Señor De Los Cielos,Fernando Ortega,C,missing_chords
Let All Mortal Flesh Keep Silence,Fernando Ortega,Dm,missing_chords
My Song Is Love Unknown,Fernando Ortega,F,missing_chords
Señor De La Eternidad,Fernando Ortega,B,missing_chords
When All Thy Mercies,Fernando Ortega,G,missing_chords
Redención,Fernanda Brum,Am,missing_chords
Hark the Herald Angles Sing,Felix Mendelssohn,F,missing_chords
All the Way My Savior Leads Me,Fanny Crosby,G,missing_chords
Church Bells,Gungor,C,missing_chords
Everything Changes,Gungor,E,missing_chords
Higher,Gungor,A,missing_chords
Preacher Tell Me Like It Is,Greater Vision,A,missing_chords
Pain,Grammatrain,C,missing_chords
All Heaven Waits,Graham Kendrick,Dm,missing_chords
How Much Do You Think Youre Worth,Graham Kendrick,G,missing_chords
Let The Flame Burn Brighter,Graham Kendrick,G,missing_chords
O Lord Your Tenderness,Graham Kendrick,D,missing_chords
Such Love,Graham Kendrick,A,missing_chords
We Are Here To Praise You,Graham Kendrick,D,missing_chords
We Are Here To Praise You,Graham Kendrick,A,missing_chords
Be Thou my Vision,Grace PCA,D,missing_chords
Because I Have Been Given Much,Grace Noll Crowell,G,missing_chords
"Daily, daily sing to Mary",Gospel Songs,F,missing_chords
How great Thou art,Gospel Songs,A,missing_chords
Humble thyself & Our God is an awesome God,Gospel Songs,Em,missing_chords
I have decided to follow Jesus,Gospel Songs,C,missing_chords
I will sing of the mercies of the Lord forever,Gospel Songs,D,missing_chords
Lord Accept this bread and wine,Gospel Songs,Dm,missing_chords
Lord Make me like You,Gospel Songs,C,missing_chords
Sing alleluia to the lord,Gospel Songs,Am,missing_chords
Sing Hosanna in the highest (Malaika Style),Gospel Songs,D,missing_chords
The Lourdes Hymn (Immaculate Mary),Gospel Songs,C,missing_chords
The Savior is waiting,Gospel Songs,D,missing_chords
Accept Almighty Father,Gospel Music,F,missing_chords
"All for You Lord, all for You",Gospel Music,E,missing_chords
Brethren We Have Met To Worship,Gospel Music,G,missing_chords
Father take the gifts we bring,Gospel Music,D,missing_chords
Living waters flow on,Gospel Music,G,missing_chords
Come To The Water,Gospel,C,missing_chords
Prepare Ye The Way Of The Lord,Godspell,G,missing_chords
A Little Piece Of Heaven,Godley And Creme,A,missing_chords
God So Loved Yeah Yeah Yea,Godfrey Birtill,G,missing_chords
Never Can Replay,Glenn Kaiser,E,missing_chords
Trial,Giftson Immanuel,C,missing_chords
We Sing Worthy,Geron Davis,D,missing_chords
2.- The Old Rugged Cross,George Bennard,A,missing_chords
The Power Of Your Love,Geoff Bullock,G,missing_chords
Gente Per Bene Gente Per Male,Gene Eugene,E,missing_chords
Radioactive,Gene Eugene,A,missing_chords
The Birds And The Bees,Gene Eugene,C,missing_chords
Those Old Black And White Movies Were True,Gene Eugene,B,missing_chords
High Score,Gene Eugene,G,missing_chords
A Way To Survive,Gene Eugene,C,missing_chords
Aint No Fun To Be Alone In San Antone,Gene Eugene,D,missing_chords
Be Honest With Me,Gene Eugene,G,missing_chords
Born To Lose,Gene Eugene,Eb,missing_chords
Bye And Bye,Gene Eugene,D,missing_chords
Cara Mia Mine,Gene Eugene,C,missing_chords
Carry Me Back To The Lone Prairie,Gene Eugene,C,missing_chords
Dont It Make You Want To Go Home,Gene Eugene,C,missing_chords
Dont Look At Me In That Tone Of Voice,Gene Eugene,G,missing_chords
For The Dead,Gene Eugene,E,missing_chords
Get Rosetta On The Phone,Gene Eugene,G,missing_chords
I Must Be A Tree,Gene Eugene,E,missing_chords
Im Gonna Listen To Me,Gene Eugene,G,missing_chords
Just Bidin My Time,Gene Eugene,D,missing_chords
Long Time,Gene Eugene,D,missing_chords
Marianne,Gene Eugene,D,missing_chords
Mary Sue,Gene Eugene,A,missing_chords
She Dont Care About Time,Gene Eugene,G,missing_chords
Silent Crusade,Gene Eugene,G,missing_chords
Take A City Bride,Gene Eugene,E,missing_chords
The True One,Gene Eugene,A,missing_chords
When We Were One,Gene Eugene,Am,missing_chords
Day And Night,Garry Mulgrew,C,missing_chords
Our Father In Heaven,Garry Mulgrew,G,missing_chords
A Rose Among The Thorns,Gaithers,G,missing_chords
Glorious Impossible,Gaither Vocal Band,D,missing_chords
Greatly Blessed Highly Favoured,Gaither Vocal Band,A,missing_chords
Ill Worship Only At The Feet,Gaither Vocal Band,A,missing_chords
Keep On The Firing Line,Gaither Vocal Band,C,missing_chords
Knowing Youll Be There,Gaither Vocal Band,E,missing_chords
"Loving God, Loving Each Other",Gaither Vocal Band,C,missing_chords
Sitting At The Feet Of Jesus,Gaither Vocal Band,A,missing_chords
What A Lovely Name,Gaither,D,missing_chords
Faith Is The Victory,Hymns,D,missing_chords
I Have Decided To Follow Jesus,Hymnal,Bb,missing_chords
A Wonderful Savior Is Jesus My Lord,hymn,C,missing_chords
Abba Father,hymn,A,missing_chords
Abide With Me,hymn,C,missing_chords
All Glory Laud and Honor,hymn,G,missing_chords
All Praise to God Who Reigns Above,hymn,D,missing_chords
All The Earth Shall Worship You,hymn,D,missing_chords
All to Jesus I surrender,hymn,C,missing_chords
And Can It Be,hymn,G,missing_chords
As the Deer Pants for the Water (SJEH Arrangment),Hymn,C,missing_chords
At the Cross,hymn,D,missing_chords
Be Still (Be Still For The Presence Of The Lord),hymn,C,missing_chords
Be Still My Soul,hymn,D,missing_chords
Be Still My Soul,hymn,D,missing_chords
Be Still My Soul,hymn,D,missing_chords
Be Thou my Vision,hymn,D,missing_chords
Before The Throne,hymn,C,missing_chords
Blessed Assurance,hymn,D,missing_chords
Blessed Assurance,hymn,D,missing_chords
Blessed Assurance,hymn,D,missing_chords
Blessed Assurance,hymn,C,missing_chords
Blessed Be The God And Father,hymn,G,missing_chords
Day by Day,hymn,D,missing_chords
Day by Day,hymn,C,missing_chords
Down at the Cross,hymn,G,missing_chords
Face to Face with Christ My Savior,hymn,A,missing_chords
Fairest Lord Jesus,hymn,C,missing_chords
Fairest Lord Jesus,hymn,C,missing_chords
God Of the Ages,hymn,Bb,missing_chords
Higher Ground,hymn,A,missing_chords
His Eye is on the Sparrow,hymn,C,missing_chords
His Eye is on the Sparrow,hymn,C,missing_chords
His Eye is on the Sparrow,hymn,C,missing_chords
His Name Is Wonderful,hymn,D,missing_chords
Holy Holy Holy,hymn,D,missing_chords
Holy Holy Holy,hymn,C,missing_chords
"Holy Spirit, Breathe on Me",hymn,D,missing_chords
I Am Resolved,hymn,G,missing_chords
I Am Resolved,hymn,D,missing_chords
I Exalt Thee,hymn,D,missing_chords
I'll Fly Away,hymn,G,missing_chords
I'll Fly Away,hymn,G,missing_chords
In Christ Alone (SJEH Arrangement),hymn,,missing_chords
In the Garden,hymn,G,missing_chords
In the Garden,hymn,A,missing_chords
In Times Like These,hymn,G,missing_chords
It Came Upon The Midnight Clear,hymn,C,missing_chords
It Is Well With My Soul,hymn,D,missing_chords
Jesus Paid It All,hymn,G,missing_chords
Jesus Paid It All,hymn,G,missing_chords
Jesus Saves,hymn,G,missing_chords
Joy to the World,hymn,D,missing_chords
Joy to the World,hymn,Ab,missing_chords
Joy to the World,hymn,C,missing_chords
Joy to the World,hymn,D,missing_chords
Joy to the World,hymn,D,missing_chords
Joyful Joyful We Adore Thee,hymn,G,missing_chords
"Joyful, Joyful We Adore Thee",hymn,E,missing_chords
Just a Closer Walk with Thee,hymn,A,missing_chords
Just As I Am,hymn,D,missing_chords
Just As I Am,hymn,C,missing_chords
Just As I Am,hymn,D,missing_chords
Leaning on the Everlasting Arms,hymn,G,missing_chords
"Lord, I'm coming home",hymn,G,missing_chords
Love Lifted Me,hymn,A,missing_chords
Mansion Over The Hilltop,hymn,G,missing_chords
Morning Has Broken,hymn,C,missing_chords
Morning Has Broken (SJEH Arrangement),hymn,C,missing_chords
My Father Watches Over Me,hymn,A,missing_chords
Nearer My God to Thee,hymn,G,missing_chords
Never Alone,hymn,A,missing_chords
Nothing But the Blood of Jesus,hymn,G,missing_chords
O Come All Ye Faithful,hymn,G,missing_chords
O Come Let Us Adore Him,hymn,D,missing_chords
O Holy Night,hymn,C,missing_chords
O Holy Night,hymn,C,missing_chords
O Holy Night,hymn,C,missing_chords
O Little Town Of Bethlehem,hymn,G,missing_chords
O Little Town Of Bethlehem,hymn,D,missing_chords
O Little Town Of Bethlehem,hymn,F,missing_chords
O Little Town Of Bethlehem,hymn,G,missing_chords
O Worship The King,hymn,G,missing_chords
O Worship The King,hymn,G,missing_chords
Oh God Beyond All Praising,hymn,G,missing_chords
Once in Royal David's City,hymn,G,missing_chords
Once in Royal David's City,hymn,G,missing_chords
One Day (Hymn),hymn,D,missing_chords
Onward Christian Soldiers,hymn,G,missing_chords
Onward Christian Soliders,hymn,D,missing_chords
Praise My Soul The King Of Heaven,hymn,D,missing_chords
Praise My Soul The King Of Heaven,hymn,D,missing_chords
Precious Memories,hymn,C,missing_chords
Redeemed,hymn,G,missing_chords
"Redeemed, How I Love to Proclaim it",hymn,C,missing_chords
Rock of Ages,hymn,A,missing_chords
Saved By Grace,hymn,G,missing_chords
Silent Night (Hymn),hymn,C,missing_chords
Sweet Hour of Prayer,hymn,C,missing_chords
The First Noel,hymn,D,missing_chords
The Home Over There,hymn,G,missing_chords
The Old Rugged Cross,hymn,A,missing_chords
The Old Rugged Cross,hymn,G,missing_chords
"there is joy, joy, joy",hymn,G,missing_chords
There Is Power in the Blood,hymn,G,missing_chords
Tis So Sweet To Trust In Jesus,hymn,G,missing_chords
Walk On The Water With Me,hymn,D,missing_chords
Walk With Me,hymn,Fm,missing_chords
What a Day That Will Be,hymn,C,missing_chords
What a friend we have in Jesus,hymn,D,missing_chords
Why Have You Chosen Me,hymn,C,missing_chords
Have Yourself a Merry Little Christmas,Hugh Martin & Ralph Blane,G,missing_chords
Come To The River,Housefires,G,missing_chords
Give Thanks To God,Housefires,D,missing_chords
Give Thanks To God,Housefires,D,missing_chords
Burn Me Down Ukulele,House of Heroes,G,missing_chords
Serial Sleepers,House of Heroes,Db,missing_chords
Hiding Place,Holley Maher,C,missing_chords
Comfort Song,Hokus Pick,C,missing_chords
Bow Down,HOGNI,G#m,missing_chords
En La Cruz,Himnos en Español,G,missing_chords
430 Heer Ik Prijs Uw Grote Naam,Hillsongs,G,missing_chords
A Pure Heart,Hillsongs,A,missing_chords
All For Love Solo,Hillsongs,G,missing_chords
Did You Know?,Hillsongs,D,missing_chords
For You Alone Deserves All Glory,Hillsongs,G,missing_chords
Hes Got The Whole World In His Hands,Hillsongs,D,missing_chords
I Will Sing,Hillsongs,D,missing_chords
Jesus What A Beautiful Name,Hillsongs,A,missing_chords
Jesus You Are My Best Friend,Hillsongs,D,missing_chords
Jesus You Gave It All,Hillsongs,A,missing_chords
Let The Peace Of God Reign,Hillsongs,F,missing_chords
Micah 6:8,Hillsongs,E,missing_chords
No One Like You,Hillsongs,C,missing_chords
Rainbow,Hillsongs,Em,missing_chords
Sing My Soul,Hillsongs,Em,missing_chords
Theres A Quiet Understanding,Hillsongs,A,missing_chords
This is my desire,Hillsongs,G,missing_chords
When My Heart Is Overwhelmed,Hillsongs,D,missing_chords
Whos The King Of The Jungle,Hillsongs,G,missing_chords
You Are Here The Same Power,Hillsongs,G,missing_chords
You Said,Hillsongs,G,missing_chords
Highs & Lows,Hillsong Young & Free,G,missing_chords
Wake,Hillsong Young & Free,C,missing_chords
He Is Lord,Hillsong Worship,Am,missing_chords
I Will Bless You Lord,Hillsong Worship,G,missing_chords
Одного Прошу,Hillsong Worship,F,missing_chords
Мой Спаситель,Hillsong Worship,C,missing_chords
Aquí Hay Salvación,Hillsong United,C,missing_chords
A Song To Sing,Hillsong United,E,missing_chords
Aún,Hillsong United,C,missing_chords
Abre Mis Ojos Oh Cristo,Hillsong United,D,missing_chords
Aleluya,Hillsong United,A,missing_chords
As The Deer,Hillsong United,C,missing_chords
Awesome God,Hillsong United,D,missing_chords
Brazos Extendidos,Hillsong United,F,missing_chords
Cada Día,Hillsong United,E,missing_chords
Cambiaré Mi Tristeza,Hillsong United,A,missing_chords
Cant Stop Praising,Hillsong United,Em,missing_chords
Canta Al Señor,Hillsong United,A,missing_chords
Canta Su Fama,Hillsong United,C,missing_chords
Cantaré De Tu Amor Por Siempre,Hillsong United,E,missing_chords
Carry Me,Hillsong United,D,missing_chords
Clame Me Oiste,Hillsong United,C,missing_chords
Con Todo,Hillsong United,G,missing_chords
Con Todo Lo Que Soy,Hillsong United,E,missing_chords
Cristo Es Suficiente,Hillsong United,Em,missing_chords
Cristo Vivo Esta,Hillsong United,E,missing_chords
Cuan Grande Amor,Hillsong United,E,missing_chords
Digno Eres Señor,Hillsong United,G,missing_chords
Dile Al Mundo,Hillsong United,Em,missing_chords
Dios Eterno,Hillsong United,A,missing_chords
Eagle Wings,Hillsong United,Am,missing_chords
El Mundo No Nos Tomará,Hillsong United,A,missing_chords
El Que Salva,Hillsong United,G,missing_chords
En Tu Luz,Hillsong United,E,missing_chords
Eres Más,Hillsong United,Em,missing_chords
Eres Nuestra Herencia,Hillsong United,C,missing_chords
Esperanza Del Mundo,Hillsong United,D,missing_chords
Este Es Mi Deseo,Hillsong United,G,missing_chords
God He Reings,Hillsong United,G,missing_chords
Gracia Abunda,Hillsong United,A,missing_chords
Gracia Salvadora,Hillsong United,E,missing_chords
Ha Nacido El Rey,Hillsong United,E,missing_chords
Hallelujah Our God Reigns,Hillsong United,E,missing_chords
Hasta El Fín Del Mundo,Hillsong United,Em,missing_chords
Hasta Que Te Vea,Hillsong United,F,missing_chords
Hear Our Praises,Hillsong United,C,missing_chords
Heaven,Hillsong United,G,missing_chords
History Maker,Hillsong United,Am,missing_chords
Hoy Te Rindo Mi Ser,Hillsong United,G,missing_chords
I Will Exalt You,Hillsong United,E,missing_chords
I Will Love,Hillsong United,G,missing_chords
I Will Sing,Hillsong United,C,missing_chords
Indescriptible,Hillsong United,Dm,missing_chords
Jesús Señor,Hillsong United,B,missing_chords
Jesus Lover Of My Soul,Hillsong United,Bb,missing_chords
Jesus Lover Of My Soul,Hillsong United,F,missing_chords
Jesus Lover Of My Soul,Hillsong United,G,missing_chords
Let Me To The Cross,Hillsong United,E,missing_chords
Llueve,Hillsong United,Bm,missing_chords
Lo Grande Que Eres Dios,Hillsong United,A,missing_chords
Lord I Offer My Life,Hillsong United,E,missing_chords
LORD I OFFER MY LIFE TO YOU,Hillsong United,E,missing_chords
Mais Perto,Hillsong United,C,missing_chords
Majesty,Hillsong United,A,missing_chords
Maravilloso Dios,Hillsong United,G,missing_chords
Mashup,Hillsong United,C,missing_chords
Más Que A Mi Ser,Hillsong United,Em,missing_chords
Más Que Nada,Hillsong United,E,missing_chords
Mi Redentor Vive,Hillsong United,E,missing_chords
Mi Todo Christ Is Enough,Hillsong United,Em,missing_chords
Mira Mi Corazón,Hillsong United,C,missing_chords
Nada Hay Que Esconder,Hillsong United,Ab,missing_chords
Nadie Hay Como Tú,Hillsong United,C,missing_chords
Nothing But The Blood,Hillsong United,C,missing_chords
O Come Let Us Adore Him,Hillsong United,D,missing_chords
One Desire,Hillsong United,E,missing_chords
Oración Del Desierto,Hillsong United,Am,missing_chords
Pertenezco A Tí,Hillsong United,G,missing_chords
Poderoso Para Salvar,Hillsong United,D,missing_chords
Por El Poder De Tu Amor,Hillsong United,G,missing_chords
Por Tí,Hillsong United,B,missing_chords
Porque Eres Dios,Hillsong United,B,missing_chords
Rain Down,Hillsong United,Am,missing_chords
Reinas,Hillsong United,A,missing_chords
Rey De Majestad,Hillsong United,B,missing_chords
"Santo, Santo, Santo",Hillsong United,C,missing_chords
Sólo Cristo,Hillsong United,C,missing_chords
Set A Fire,Hillsong United,G,missing_chords
Show Me Your Way,Hillsong United,G,missing_chords
Sientes Que Los Montes Tiemblan,Hillsong United,D,missing_chords
Soberano,Hillsong United,C,missing_chords
Stay And Wait Acoustic,Hillsong United,Bbm,missing_chords
Tómalo,Hillsong United,B,missing_chords
Tómame Señor,Hillsong United,C#m,missing_chords
Tú,Hillsong United,B,missing_chords
Te Miro A Tí,Hillsong United,Bb,missing_chords
The Freedom We Know,Hillsong United,G,missing_chords
The Stand,Hillsong United,A,missing_chords
This Is The Air I Breathe,Hillsong United,A,missing_chords
To Know Your Name,Hillsong United,Em,missing_chords
Toma Todo De Mí,Hillsong United,G,missing_chords
Tu Eres Mi Respirar,Hillsong United,A,missing_chords
Tu Fama Gritaré,Hillsong United,C,missing_chords
Tu Me Haces Feliz,Hillsong United,D,missing_chords
Turn Your Eyes Upon Jesus,Hillsong United,C,missing_chords
Un Camino,Hillsong United,B,missing_chords
Varón De Dolores,Hillsong United,F,missing_chords
Vives En Mi (Alive In Us),Hillsong United,A,missing_chords
Yahweh,Hillsong United,C,missing_chords
You Alone Are God,Hillsong United,C,missing_chords
You Are Here,Hillsong United,B,missing_chords
A Brooken Spirit,Hillsong Music Australia,E,missing_chords
He Is Greater,Hillsong London,E,missing_chords
You are Here,Hillsong London,G,missing_chords
It Is Well With My Soul,Hillsong Live,G,missing_chords
Made me glad,Hillsong Church,D,missing_chords
Me Asombro Ante Ti,Hillsong Church,A,missing_chords
Awsome God,Hillsong Australia,D,missing_chords
Love You So Much,Hillsong Australia,F#m,missing_chords
My Heart Will Trut,Hillsong Australia,G,missing_chords
A Pure Heart,Hillsong,D,missing_chords
Aleluia,Hillsong,F,missing_chords
Angel Of The Lord,Hillsong,Eb,missing_chords
Be Thou My Vision,Hillsong,C,missing_chords
Be Thou My Vision,Hillsong,Bb,missing_chords
Change My Heart Oh God,Hillsong,C,missing_chords
Digno es el Señor,Hillsong,G,missing_chords
Hes Got The Whole World In His Hand,Hillsong,C,missing_chords
My Heart Your Home,Hillsong,G,missing_chords
Shout To The Lord,Hillsong,G,missing_chords
Still,Hillsong,C,missing_chords
Superhero,Hillsong,E,missing_chords
This is my desire,Hillsong,C,missing_chords
With everything,Hillsong,E,missing_chords
You Are Near,Hillsong,E,missing_chords
More Than Wonderful,Heritage Singers,D,missing_chords
Morning Prayer,Heritage Singers,E,missing_chords
Twilight Of The Gods,Helloween,Em,missing_chords
May God Protect Your Home,Hefner,Bb,missing_chords
Everybody will be happy over there,Hee-Haw Quartet,G,missing_chords
God Of Heaven,Heather Sorenson,G,missing_chords
Exalt You,Heather Clark,C,missing_chords
Fourteen,Hawk Nelson,Em,missing_chords
Its Over,Hawk Nelson,B,missing_chords
Ode To Lord Stanley,Hawk Nelson,G,missing_chords
One Thing I Have Left,Hawk Nelson,Em,missing_chords
Something On My Mind,Hawk Nelson,C,missing_chords
Ragtime,Havalina Rail Co,C,missing_chords
Behold God,"Harvest - Jerry Williams, Ed Kerr",A,missing_chords
Battles,Harry And Alfie,Em,missing_chords
Sweet Loving Word,Hank Locklin,G,missing_chords
A Bed That Breathes With Him,Half-handed Cloud,A,missing_chords
We Worship You,Isreal Houghton,A,missing_chords
Cover Me,Invasion Band,G,missing_chords
A Place At Your Altar,Integritys Hosanna,D,missing_chords
Miracle Cure,Idle Cure,C,missing_chords
"Just a Test, Please Remove.","Just a test, please Remove.",D,missing_chords
Que todos los pueblos te alaben,Juan F. Martinez,Em,missing_chords
Ante ti con gozo,Juan Carlos Alvarado,Gm,missing_chords
Faith Is Not A Feeling,Josh Wilson,E,missing_chords
Satisfied,Jordan Feliz,Am,missing_chords
Thank God I Got Her,Jonny Daiz,C,missing_chords
The Chick Fil A Song,Jonny Daiz,G,missing_chords
The Steadfast Love,Jonathan McReynolds,A,missing_chords
We Need You Lord,Jonathan Butler,A,missing_chords
Make It Right,Jonas brothers,G,missing_chords
All That Remains,Jon Thurlow,G,missing_chords
All That Remains,Jon Thurlow,C,missing_chords
Dependent On You,Jon Thurlow,D,missing_chords
Divine Love,Jon Thurlow,C,missing_chords
Fragrance,Jon Thurlow,Bb,missing_chords
I Love Your Ministry,Jon Thurlow,C,missing_chords
Psalm 33,Jon Thurlow,G,missing_chords
Simple Conversation,Jon Thurlow,Cm,missing_chords
Stand In Awe,Jon Thurlow,G,missing_chords
Strong Love,Jon Thurlow,C,missing_chords
Things Are Not Ok,Jon Thurlow,D,missing_chords
Things Are Not Okay (Mourning for the Bridegroom),Jon Thurlow,D,missing_chords
I Just keep trusting my lord,John W. Peterson,G,missing_chords
Sanctuary,John W Thompson,E,missing_chords
Amazing Grace,John Newton,D,missing_chords
Amazing Grace,John Newton,D,missing_chords
Amazing Grace,John Newton,D,missing_chords
Amazing Grace,John Newton,D,missing_chords
Amazing Grace,John Newton,C,missing_chords
Between The Cracks,John Mark McMillan,Em,missing_chords
Love At The End Of The World,John Mark McMillan,Bm,missing_chords
Ominous,John Mark McMillan,Am,missing_chords
No Other Love,John Legend,Fm,missing_chords
Everything is blessed,Joe Praise,C,missing_chords
Invisible Love,JJ HELLER,Am,missing_chords
Not Mine Anyway,JJ HELLER,C,missing_chords
Tonight,JJ HELLER,C,missing_chords
Where I Land,JJ HELLER,E,missing_chords
You Would Love Me Too,JJ HELLER,G,missing_chords
Draw Me Nearer,Jireh,E,missing_chords
"Holy Holy, Holy Holy",Jimmy Owens,C,missing_chords
Holy Spirit,Jesus Culture,E,missing_chords
All I Need,Jesus Culture,Am,missing_chords
Alleluia,Jesus Culture,Em,missing_chords
Alleluia,Jesus Culture,G,missing_chords
Fill Me Up,Jesus Culture,Em,missing_chords
Freedom Reigns,Jesus Culture,E,missing_chords
Freedom Reigns,Jesus Culture,F,missing_chords
Freedom Reigns,Jesus Culture,G,missing_chords
I Exalt Thee,Jesus Culture,G,missing_chords
I See Heaven,Jesus Culture,F,missing_chords
Nothing But The Blood,Jesus Culture,G,missing_chords
Nothing But The Blood Of Jesus,Jesus Culture,Em,missing_chords
Set A Fire,Jesus Culture,G,missing_chords
Shining,Jesus Culture,E,missing_chords
The Anthem,Jesus Culture,Am,missing_chords
Walk With Me,Jesus Culture,Am,missing_chords
Worthy (chorus),Jesus Culture,,missing_chords
Jesus Christ What A Man,Jesus Christ,G,missing_chords
Time Held Short,Jesus Christ,Em,missing_chords
Jesus Saves,Jesus Camp,A,missing_chords
Stronger Than Jesus,Jesus Camp,C,missing_chords
A Sus Pies,Jesús Adrián Romero,Am,missing_chords
Abba Padre,Jesús Adrián Romero,Gm,missing_chords
Abre Mis Ojos,Jesús Adrián Romero,D,missing_chords
Ahora Soy Libre,Jesús Adrián Romero,Bb,missing_chords
Al Estar Ante Tí,Jesús Adrián Romero,D,missing_chords
Al Que Me Sine,Jesús Adrián Romero,E,missing_chords
Algo Está Cayendo Aquí,Jesús Adrián Romero,G,missing_chords
Brillo De Mis Ojos,Jesús Adrián Romero,Bm,missing_chords
Buscando Paz,Jesús Adrián Romero,Am,missing_chords
Buscando Refugio,Jesús Adrián Romero,D,missing_chords
Con Manos Vacias,Jesús Adrián Romero,F,missing_chords
Con Mi Dios,Jesús Adrián Romero,Em,missing_chords
Dame,Jesús Adrián Romero,C,missing_chords
Déjame Verte,Jesús Adrián Romero,B,missing_chords
De Hombro A Hombro,Jesús Adrián Romero,F,missing_chords
De Tal Manera,Jesús Adrián Romero,C,missing_chords
Dios Manda Lluvia,Jesús Adrián Romero,A,missing_chords
El Aire De Tu Casa,Jesús Adrián Romero,Fm,missing_chords
El Poderoso De Israel,Jesús Adrián Romero,Cm,missing_chords
El Regalo Celestial,Jesús Adrián Romero,C#m,missing_chords
En Mis Años,Jesús Adrián Romero,C,missing_chords
En Un Establo,Jesús Adrián Romero,Gm,missing_chords
Enamorame,Jesús Adrián Romero,E,missing_chords
Enseña Tu Luz,Jesús Adrián Romero,C,missing_chords
Enviame A Mi,Jesús Adrián Romero,E,missing_chords
Eras Tú,Jesús Adrián Romero,C,missing_chords
Eres Todo Poderoso,Jesús Adrián Romero,Bm,missing_chords
Es Tiempo De Amar,Jesús Adrián Romero,G,missing_chords
Es Un Arte Ser Mama,Jesús Adrián Romero,C,missing_chords
Esa Roca,Jesús Adrián Romero,C,missing_chords
Escalera Con Las Nubes,Jesús Adrián Romero,B,missing_chords
Espérame,Jesús Adrián Romero,A,missing_chords
Esperar En Ti,Jesús Adrián Romero,G,missing_chords
Fue Por Mi,Jesús Adrián Romero,F,missing_chords
"Gloria, Reino Y Poder",Jesús Adrián Romero,Ab,missing_chords
Gracias,Jesús Adrián Romero,D,missing_chords
Hacemos Hoy,Jesús Adrián Romero,D,missing_chords
Has Aumentado,Jesús Adrián Romero,Em,missing_chords
Heme Aquí,Jesús Adrián Romero,Db,missing_chords
Hoy Es Navidad,Jesús Adrián Romero,F,missing_chords
Jesús (2010),Jesús Adrián Romero,Cm,missing_chords
Jesús El Señor,Jesús Adrián Romero,G,missing_chords
Jesús Es El Señor,Jesús Adrián Romero,G,missing_chords
Manda Señor,Jesús Adrián Romero,G,missing_chords
Mas Que Vencedor,Jesús Adrián Romero,Gm,missing_chords
Me Dice Que Me Amas,Jesús Adrián Romero,G,missing_chords
Me Has Atraido Jesus,Jesús Adrián Romero,G,missing_chords
Mi Amado Jesús,Jesús Adrián Romero,G,missing_chords
Mi Cristo Vive,Jesús Adrián Romero,Gm,missing_chords
Mi Día,Jesús Adrián Romero,E,missing_chords
Mi Entorno,Jesús Adrián Romero,Fm,missing_chords
Mi Jesus Mi Amado,Jesús Adrián Romero,Bb,missing_chords
Mi Jesus Mi Amado,Jesús Adrián Romero,F,missing_chords
Mi Regalo,Jesús Adrián Romero,Bb,missing_chords
Mi Vida Te Daré,Jesús Adrián Romero,Gm,missing_chords
Nada Temo Del Mañana,Jesús Adrián Romero,A,missing_chords
No A Nosotros,Jesús Adrián Romero,A,missing_chords
No Es Como Yo,Jesús Adrián Romero,A,missing_chords
No Me Daba Cuenta,Jesús Adrián Romero,Ab,missing_chords
No Merecía Tanto Amo,Jesús Adrián Romero,G,missing_chords
No Salió El Sol,Jesús Adrián Romero,D,missing_chords
Paz En La Tormenta,Jesús Adrián Romero,G,missing_chords
Pegado A Ti,Jesús Adrián Romero,Dm,missing_chords
Poderoso,Jesús Adrián Romero,G,missing_chords
Por Un Instante De Tu Amor,Jesús Adrián Romero,A,missing_chords
Porque Digno Eres,Jesús Adrián Romero,C,missing_chords
Portador De Tu Gloria,Jesús Adrián Romero,G,missing_chords
Preciosa Sangre,Jesús Adrián Romero,Gm,missing_chords
Prefiero A Cristo,Jesús Adrián Romero,G,missing_chords
Qué Dirías,Jesús Adrián Romero,Db,missing_chords
Que Se Trata De Tí,Jesús Adrián Romero,G,missing_chords
Que Seas Mi Universo,Jesús Adrián Romero,G,missing_chords
Queremos Ver,Jesús Adrián Romero,G,missing_chords
Razones Pa Vivir,Jesús Adrián Romero,Fm,missing_chords
Renuevame,Jesús Adrián Romero,D,missing_chords
Renuevo Espiritual,Jesús Adrián Romero,A,missing_chords
Santo,Jesús Adrián Romero,G,missing_chords
Se Desbaratan Mis Sueños,Jesús Adrián Romero,Bb,missing_chords
Sentado En Su Trono,Jesús Adrián Romero,G,missing_chords
Si Hubiera Estado Allí,Jesús Adrián Romero,G,missing_chords
Soy Nueva Creatura,Jesús Adrián Romero,Em,missing_chords
Soy Una Saeta,Jesús Adrián Romero,Am,missing_chords
Sumérgeme,Jesús Adrián Romero,C,missing_chords
Tal Como Soy,Jesús Adrián Romero,G,missing_chords
Tal Como Soy Seor,Jesús Adrián Romero,G,missing_chords
Te Invito A Cantar,Jesús Adrián Romero,D,missing_chords
Te Vengo A Bendecir,Jesús Adrián Romero,E,missing_chords
Te Veo,Jesús Adrián Romero,G,missing_chords
Temprano Yo Te Buscaré,Jesús Adrián Romero,G,missing_chords
Tengo Hambre De Tí,Jesús Adrián Romero,A,missing_chords
Tiene Tu Color,Jesús Adrián Romero,C,missing_chords
Toda Gloria Y Majestad,Jesús Adrián Romero,E,missing_chords
Todo Me Habla De Dios,Jesús Adrián Romero,Em,missing_chords
Toma Mis Lágrimas,Jesús Adrián Romero,D,missing_chords
Traemos Hoy Ante Tu Altar,Jesús Adrián Romero,E,missing_chords
Tu Amor Es Mi Energía,Jesús Adrián Romero,A,missing_chords
Tu Bandera,Jesús Adrián Romero,D,missing_chords
Tu Mirada,Jesús Adrián Romero,G,missing_chords
Tu Nos Creaste,Jesús Adrián Romero,A,missing_chords
Un Destello De Tu Gloria,Jesús Adrián Romero,A,missing_chords
Un Minuto En Tu Presencia,Jesús Adrián Romero,C,missing_chords
Venimos Ante Tí Señor,Jesús Adrián Romero,E,missing_chords
Down In The Valley,Jerry Davision,G,missing_chords
Dreadful Wind And Rain,Jerry Davision,E,missing_chords
Fair Ellender,Jerry Davision,G,missing_chords
Louis Collins,Jerry Davision,G,missing_chords
Off To Sea Once More,Jerry Davision,Dm,missing_chords
Fall Afresh,Jeremy Riddle,G,missing_chords
Exalt The Lord Our God,Jeremy Camp,Gm,missing_chords
Give Me Jesus,Jeremy Camp,C,missing_chords
Give Me Jesus,Jeremy Camp,G,missing_chords
I Know Your Calling,Jeremy Camp,G,missing_chords
I Wait For The Lord,Jeremy Camp,Em,missing_chords
In Your presence,Jeremy Camp,Em,missing_chords
Jesus Saves,Jeremy Camp,A,missing_chords
Not Ashamed,Jeremy Camp,C,missing_chords
One Day At A Time,Jeremy Camp,Am,missing_chords
Take My life,Jeremy Camp,C,missing_chords
Tell The Whole World,Jeremy Camp,G,missing_chords
The Way,Jeremy Camp,E,missing_chords
Trust In You,Jeremy Camp,E,missing_chords
Lay It Down,Jennifer Knapp,G,missing_chords
Hosanna au plus haut des cieux,Jean Jean,G,missing_chords
Hosanna au plus haut des cieux,Jean Jean,D,missing_chords
How Long,Jaye Thomas,Am,missing_chords
There Is None Like You,Javen,D,missing_chords
Burning in the Sky,Jason Upton,Am,missing_chords
Dying Star,Jason Upton,Bm,missing_chords
Father Of The Fatherless,Jason Upton,C,missing_chords
Gideon,Jason Upton,G,missing_chords
Joshua,Jason Upton,G,missing_chords
Not Ashamed,Jason Upton,Em,missing_chords
One Reason (Apple Of His Eye),Jason Upton,Em,missing_chords
Poverty,Jason Upton,D,missing_chords
Psalm 23,Jason Upton,Bm,missing_chords
Road to Emmaus,Jason Upton,Bm,missing_chords
A Way To See In The Dark,Jason Gray,C,missing_chords
Blessed Be,Jason Gray,D,missing_chords
Thank You For Not Forgetting Me,Jason Gray,G,missing_chords
Without Running Away,Jason Gray,C,missing_chords
He Wont Leave You There,Jason Crabb,,missing_chords
If I Were You,Jason Castro,D,missing_chords
Closer,Jars of Clay,D,missing_chords
Good Monsters,Jars of Clay,D,missing_chords
Jesus Blood Never Failed Me Yet,Jars of Clay,Am,missing_chords
Little Drummerboy,Jars of Clay,D,missing_chords
Little Drummerboy,Jars of Clay,E,missing_chords
Love Came Down At Christmas,Jars of Clay,D,missing_chords
Mirrors And Smoke,Jars of Clay,D,missing_chords
My Heavenly,Jars of Clay,F,missing_chords
Oh My God,Jars of Clay,Am,missing_chords
Scenic Route,Jars of Clay,A,missing_chords
Show Your Love,Jars of Clay,F,missing_chords
Something Beautiful,Jars of Clay,Em,missing_chords
The Valley Song,Jars of Clay,A,missing_chords
There Might Be A Light,Jars of Clay,A,missing_chords
These Ordinary Days,Jars of Clay,C,missing_chords
They'll Know We Are Christians,Jars of Clay,Dm,missing_chords
amazing grace,Jar of clay,B,missing_chords
Benediction,Jar of clay,C,missing_chords
Benediction,Jar of clay,Eb,missing_chords
God Be Merciful To Me,Jar of clay,C,missing_chords
Fixin My Eyes On You,Jana Alayra,C,missing_chords
Jesus You're My Firm Foundation,Jamie Harvill,E,missing_chords
Beautiful Day,Jamie Grace,D,missing_chords
Born Tonight,Jamie Grace,G,missing_chords
Come To Me,Jamie Grace,G,missing_chords
Party Like A Princess,Jamie Grace,Em,missing_chords
Ready To Fly Averys Song,Jamie Grace,D,missing_chords
Anywhere Like Heaven,James Taylor,G,missing_chords
There we are,James Taylor,C,missing_chords
Avek Ou,James Smith Alcindor,G,missing_chords
In Unity and Peace,"James J. Chepponis, b. 1956",G,missing_chords
Taste And See,James E Moore Jr,F,missing_chords
Smile When You Call Me That,Jakob Dylan,C,missing_chords
Father,Jadon Lavik,C,missing_chords
Doctor My Eyes,Jackson Browne,G,missing_chords
For Everyman,Jackson Browne,D,missing_chords
Fountain Of Sorrow,Jackson Browne,Dm,missing_chords
In The Shape Of A Heart,Jackson Browne,E,missing_chords
Love Needs A Heart,Jackson Browne,C,missing_chords
The Rebel Jesus,Jackson Browne,D,missing_chords
The Times Youve Come,Jackson Browne,F,missing_chords
Under A Falling Sky,Jackson Browne,E,missing_chords
Jesus What A Friend Of Sinners,J Wilbur Chapman,F,missing_chords
Arms Of Love,Kutless,G,missing_chords
Carry Me To The Cross,Kutless,G,missing_chords
Changing World,Kutless,Ab,missing_chords
Guiding Me Home,Kutless,Dm,missing_chords
Legacy,Kutless,E,missing_chords
Let You In,Kutless,Db,missing_chords
Million Dollar Man,Kutless,D,missing_chords
Take Me In To The Holy Of Holies,Kutless,Em,missing_chords
This Is Love,Kutless,G,missing_chords
We Fall Down,Kutless,D,missing_chords
You,Kutless,Am,missing_chords
Pass It On,Kurt Kaiser,C,missing_chords
The Lord Whom We Love,Kurt Kaiser,G,missing_chords
All My Devotion,Kristene Mueller,E,missing_chords
Homeward Bound,Kristene Mueller,G,missing_chords
It is Well,Kristene DiMarco,G,missing_chords
Dreammaker,Kosmos Express,E,missing_chords
All My Friends,Kodaline,A,missing_chords
When You Fall,Kirk Franklin,Am,missing_chords
Why We Sing,Kirk Franklin,D,missing_chords
A Little Bit Of Emotion,Kinks,C,missing_chords
A Rock Roll Fantasy,Kinks,F,missing_chords
All Day And All Of The Night,Kinks,F,missing_chords
Australia,Kinks,C,missing_chords
Big Sky,Kinks,D,missing_chords
Black Messiah,Kinks,C,missing_chords
All Creatures,Kings Kaleidoscope,E,missing_chords
Be Thou My Vision,Kings Kaleidoscope,G,missing_chords
Be Thou My Vision,Kings Kaleidoscope,A,missing_chords
Come Thou Fount,Kings Kaleidoscope,E,missing_chords
Dreams,Kings Kaleidoscope,G,missing_chords
What Wonderous Love Is This?,Kings Kaleidoscope,Em,missing_chords
Christ The Rock,Kim Walker-Smith & Skyler Smith,Bm,missing_chords
Beauty Of Your Presence,Kim Walker-Smith,F,missing_chords
Carol Of The Bells,Kim Walker-Smith,Bm,missing_chords
Make Me A Servant,Killy Willard,G,missing_chords
Oh church arise,Kieth Getty,G,missing_chords
Banner,Kevin Prosch,E,missing_chords
Show Your Power,Kevin Prosch,G,missing_chords
So Come,Kevin Prosch,G,missing_chords
Mannurangum Raavil [Malayalam Carol Song],Kester,E,missing_chords
Praise The Name Of Jesus,Kent Henry,C,missing_chords
"Lord, We Come to Hear Your Word","Kenneth A. Puls, Drew Hodge",B,missing_chords
Fill My Eyes,Ken Chant,C,missing_chords
Cares Chorus,Kelly Willard,C,missing_chords
Cares Chours,Kelly Willard,C,missing_chords
Make Me A Servant,Kelly Willard,G,missing_chords
Asleep In The Light,Keith Green,A,missing_chords
Dear John Letter To The Devil,Keith Green,A,missing_chords
Grace By Which I Stand,Keith Green,Em,missing_chords
I Want To Be More Like Jesus,Keith Green,A,missing_chords
My Eyes Are Dry,Keith Green,A,missing_chords
Open Your Eyes,Keith Green,F,missing_chords
Psalm 23,Keith Green,Em,missing_chords
Romans Vii,Keith Green,D,missing_chords
Rushing Wind,Keith Green,D,missing_chords
Rushing Wind,Keith Green,C,missing_chords
Scripture Song Medley,Keith Green,A,missing_chords
Surely Goodness And Mercy,Keith Green,E,missing_chords
The Lord Is My Shepherd 23Rd Psalm,Keith Green,G,missing_chords
Trials Turned To Gold,Keith Green,D,missing_chords
Fullness Of Grace,Keith Getty,Dm,missing_chords
Resurrection Hymn,Keith Getty,C,missing_chords
The Communion Hymn,Keith Getty,C,missing_chords
The Communion Hymn,Keith Getty,C,missing_chords
When Trials Come,Keith Getty,D,missing_chords
Holy Spirit Living Breath Of God,Keith Getty,D,missing_chords
Holy Spirit Living Breath Of God,Keith Getty,D,missing_chords
"Holy Spirit, living Breath of God",Keith Getty,D,missing_chords
Speak O Lord,Keith Getty,C,missing_chords
He will hold me fast,Keith and Kristyn Getty,A,missing_chords
He will hold me fast,Keith and Kristyn Getty,Bb,missing_chords
Asleep In The Light,Keith,G,missing_chords
My Eyes Are Dry,Keith,G,missing_chords
One Chance,Kay Chance,Am,missing_chords
Come To Me,Kari Jobe,F,missing_chords
My Beloved,Kari Jobe,G,missing_chords
Alles Geb Ich Dir,Kari Jobe,D,missing_chords
Bello,Kari Jobe,D,missing_chords
Canto Del Apocalipsis,Kari Jobe,D,missing_chords
Come To Me,Kari Jobe,E,missing_chords
Come To you,Kari Jobe,E,missing_chords
Communion,Kari Jobe,C,missing_chords
Digno Y Santo,Kari Jobe,D,missing_chords
Here,Kari Jobe,Bm,missing_chords
Holy Spirit,Kari Jobe,E,missing_chords
Jesus Lover Of My Soul,Kari Jobe,A,missing_chords
Que Bello Amor,Kari Jobe,Ab,missing_chords
Sandyland,Karen Lafferty,C,missing_chords
Seek ye First,Karen Lafferty,C,missing_chords
Daivam pirakkunnu (Malayalam Christmas Song),K J Yesudas,D,missing_chords
Pulkudilil kalthottiyil (Malayalam Christian Song),K J Yesudas,G,missing_chords
Yahoodiyayile Oru Gramathil (Malayalam Chitstmas Song),K J Yesudas,Gm,missing_chords
Free Bird,Lynyrd Skynyrd,G,missing_chords
Good Luck Bad Luck,Lynyrd Skynyrd,D,missing_chords
I Aint The One,Lynyrd Skynyrd,A,missing_chords
Jacksonville Kid,Lynyrd Skynyrd,G,missing_chords
Made In The Shade,Lynyrd Skynyrd,G,missing_chords
Mississippi Kid,Lynyrd Skynyrd,E,missing_chords
None Of Us Are Free,Lynyrd Skynyrd,Dm,missing_chords
One More Time,Lynyrd Skynyrd,D,missing_chords
Poison Whiskey,Lynyrd Skynyrd,G,missing_chords
Red White And Blue,Lynyrd Skynyrd,E,missing_chords
Tomorrows Goodbye,Lynyrd Skynyrd,F,missing_chords
Workin For Mca,Lynyrd Skynyrd,Gb,missing_chords
Be Unto Your Name,Lynn DeShazo,C,missing_chords
God On the Mountain,Lynda Randle,,missing_chords
Im A Soldier In The Army Of The L,Lyle Lovett,G,missing_chords
City Of God,Love & The Outcome,E,missing_chords
I love you Lord,Lorrie Klein,G,missing_chords
And Can It Be That I Should Gain,Lindell Cooley,G,missing_chords
Weve Come To Praise Him,Lindell Cooley,G,missing_chords
Choose To Be True,Lifesavers,E,missing_chords
Beating Heart,Leslie Phillip,Em,missing_chords
He Has Made Me Glad,Leona Brethorst,D,missing_chords
He Has Made Me Glad,Leona Brethorst,A,missing_chords
My Jesus,Leeland,C,missing_chords
Amp It Up,Lecrae,G#m,missing_chords
Chase That,Lecrae,Am,missing_chords
Children Of The Light,Lecrae,F#m,missing_chords
Rebel,Lecrae,Em,missing_chords
Lion of Judah,Lebo Sekgobela,D,missing_chords
Lion of Judah v2,Lebo Sekgobela,,missing_chords
Jesus Lover Of My Soul,LDS Hymns,C,missing_chords
Hiding Place,Lawrence Eberly,G,missing_chords
I Love You Lord,Laurie Klein,G,missing_chords
I Love You Lord,Laurie Klein,D,missing_chords
I Love you Lord (SJEH Arrangement),Laurie Klein,E,missing_chords
T For Texas,Laurie Klein,E,missing_chords
The supper of the lord,Laurence Rosania,G,missing_chords
Loyal,Lauren Daigle,D,missing_chords
My Revival,Lauren Daigle,C,missing_chords
O Lord,Lauren Daigle,C,missing_chords
Why Should The Devil Have All The good music,Larry Norman,C,missing_chords
Glory to the Lamb,Larry Dempsey,C,missing_chords
KasihNya Seperti Sungai,LAGU PANTEKOSTA,F,missing_chords
Halinat sama sama,musikatha,C,missing_chords
Away And A Manger,Mueller,D,missing_chords
Alpha Omega,Morgen,C,missing_chords
Arms Wide Open,Misty Edwards,Fm,missing_chords
Dove's kyes,Misty Edwards,C#m,missing_chords
Favorite One,Misty Edwards,Em,missing_chords
Garden,Misty Edwards,Am,missing_chords
I Am Yours,Misty Edwards,D,missing_chords
Let Me Love You More,Misty Edwards,Am,missing_chords
See The Way,Misty Edwards,Bb,missing_chords
Fred Hammond - You Are The Living,Misc Unsigned Bands,Eb,missing_chords
Shane Anderson - The Shepherd Lamb,Misc Unsigned Bands,Em,missing_chords
Tom Inglis - Bayete Inkosi,Misc Unsigned Band,G,missing_chords
Abba Father,Misc Traditional,D,missing_chords
Abide With Me,Misc Traditional,E,missing_chords
All Are Welcome,Misc Traditional,A,missing_chords
Be Not Afraid,Misc Traditional,G,missing_chords
Making Melody in my heart,Misc Traditional,G,missing_chords
Be Still My Soul,Misc Praise Songs,C,missing_chords
All Hail The Power Of Jesus Name,Misc Praise Songs,A,missing_chords
Be Thou My Vision,Misc Praise Songs,D,missing_chords
Grace Greater Than Our,Misc Praise Songs,G,missing_chords
Hes Got The Whole World In His Hands,Misc Praise Songs,C,missing_chords
Holy Holy Holy,Misc Praise Songs,G,missing_chords
I Believe In Jesus,Misc Praise Songs,Ab,missing_chords
I Have Decided To Follow Jesus,Misc Praise Songs,Db,missing_chords
I Will Call Upon The Lord,Misc Praise Songs,E,missing_chords
I Would Be Like Jesus,Misc Praise Songs,G,missing_chords
Immortal Invisible God Only Wise,Misc Praise Songs,G,missing_chords
In The Cross Of Christ I Glory,Misc Praise Songs,G,missing_chords
Jesus In The Morning,Misc Praise Songs,E,missing_chords
Lord Be Glorified,Misc Praise Songs,C,missing_chords
Love Divine All Loves Excelling,Misc Praise Songs,G,missing_chords
Love Divine All Loves Excelling,Misc Praise Songs,C,missing_chords
My God Is So Big,Misc Praise Songs,G,missing_chords
Near The Cross,Misc Praise Songs,D,missing_chords
Near to the Heart of God,Misc Praise Songs,D,missing_chords
Come And Fill Me Up,Misc Praise Song,A,missing_chords
Create In Me A Clean Heart,Misc Praise Song,G,missing_chords
I Believe In Jesus,Misc Praise Song,Ab,missing_chords
Im In The Lords Army,Misc,G,missing_chords
Sembrador de Esperanza,Milton Hernandez,G,missing_chords
Milio,Milio,,missing_chords
Let The Waters Rise,Mikeschair,G,missing_chords
As We Gather,Mike Faye And Tom Coomes,E,missing_chords
Grande y Fuerte,Miel San Marcos,Am,missing_chords
Tú nombre,Miel San Marcos,D,missing_chords
Will You Carry Me Across The Water,Midnight Choir,Am,missing_chords
I Want to Know What Love Is,Mick Jones,Em,missing_chords
Agnes Dei,Michael W. Smith,G,missing_chords
Öppna Mitt Hjärta,Michael W. Smith,E,missing_chords
Breathe,Michael W. Smith,C,missing_chords
Come See,Michael W. Smith,C,missing_chords
Desperate For You,Michael W. Smith,G,missing_chords
Do you dream of me?,Michael W. Smith,Em,missing_chords
Emily,Michael W. Smith,G,missing_chords
Grace,Michael W. Smith,F,missing_chords
Great is the lord,Michael W. Smith,G,missing_chords
Healing Rain Medley,Michael W. Smith,C,missing_chords
How Majestic Is Your Name,Michael W. Smith,C,missing_chords
How Majestic Is Your Name,Michael W. Smith,G,missing_chords
Let It Rain,Michael W. Smith,Am,missing_chords
Let It Rian,Michael W. Smith,C,missing_chords
Never Been Unloved,Michael W. Smith,E,missing_chords
Shine On Us,Michael W. Smith,D,missing_chords
Step By Step,Michael W. Smith,D,missing_chords
Step By Step Oh God You Are My God,Michael W. Smith,G,missing_chords
You Are The Lord,Michael W. Smith,G,missing_chords
Angus Dei,Michael W Smith,A,missing_chords
Enamorado Estoy,Michael W Smith,Bb,missing_chords
Grace,Michael W Smith,F,missing_chords
Healing Rain Medley,Michael W Smith,D,missing_chords
How Majestic Is Your Name,Michael W Smith,A,missing_chords
How To Say Goodbye,Michael W Smith,C,missing_chords
Let It Rain,Michael W Smith,Am,missing_chords
Majesty,Michael W Smith,G,missing_chords
Never Been Unloved,Michael W Smith,E,missing_chords
Shine On Us,Michael W Smith,C,missing_chords
Step By Step Oh God You Are My God,Michael W Smith,A,missing_chords
waymaker,michael w smith,C,missing_chords
You Are The Lord,Michael W Smith,Gb,missing_chords
You Wont Let Go,Michael W Smith,Dm,missing_chords
You Are The Beauty,Michael Gungor,G,missing_chords
Its Your Blood,Michael Christ,C,missing_chords
Light Of The World,Michael Card,C,missing_chords
Different,Micah Tyler,Bb,missing_chords
Josephs Lullaby,MercyMe,Em,missing_chords
Revolution,Mercy Mercedes,C,missing_chords
Above All Others,Mercy Me,D,missing_chords
Burn In The Light,Mercy Me,Am,missing_chords
Come Thou Fount,Mercy Me,E,missing_chords
Come Thou Fount,Mercy Me,E,missing_chords
Death Dont Have No Mercy,Mercy Me,Em,missing_chords
Ghost,Mercy Me,G,missing_chords
I Can Only Imagine,Mercy Me,E,missing_chords
I Can Only Imagine,Mercy Me,G,missing_chords
In The Secret,Mercy Me,G,missing_chords
Josephs Lullaby,Mercy Me,D,missing_chords
Little Drummer Boy,Mercy Me,E,missing_chords
Mercy Mercedes,Mercy Me,C,missing_chords
Nails In Your Hands,Mercy Me,G,missing_chords
Psalm 139 - You Are There,Mercy Me,E,missing_chords
Reality Prayer,Mercy Me,G,missing_chords
Restore Me,Mercy Me,C,missing_chords
Silent Night,Mercy Me,D,missing_chords
Sisters Of Mercy,Mercy Me,C,missing_chords
Sit With You Awhile,Mercy Me,G,missing_chords
Strange Mercy,Mercy Me,Bb,missing_chords
Thank You,Mercy Me,D,missing_chords
The Generous Mr Lovewell,Mercy Me,A,missing_chords
The Hurt And The Healer,Mercy Me,A,missing_chords
The Love Of God,Mercy Me,D,missing_chords
The Love Of Yahweh,Mercy Me,D,missing_chords
Welcome To The New,Mercy Me,E,missing_chords
When Mercy Found Me,Mercy Me,Am,missing_chords
You Are There,Mercy Me,Eb,missing_chords
Ang Pangako Mo,Mega Harvest Music,,missing_chords
SaYo Nanggagaling,Mega Harvest Music,,missing_chords
Next Thing You Know,Matthew West,G,missing_chords
The Healing Has Begun,Matthew West,G,missing_chords
The Heart Of Christmas,Matthew West,G,missing_chords
Unchangeable,Matthew West,Am,missing_chords
Adoration Tantum Ergo,Matt Maher,D,missing_chords
Flesh And Bone,Matt Maher,Bm,missing_chords
It Is Good,Matt Maher,Em,missing_chords
Land Of My Father You,Matt Maher,C,missing_chords
Lead Me Home,Matt Maher,A,missing_chords
The Invocation,Matt Maher,C,missing_chords
Turn Around,Matt Maher,Em,missing_chords
Let Go,Matt Hammitt,D,missing_chords
Every Captive Free,Matt Gilman,Em,missing_chords
I Shall Believe,Matt Brouwer,Bb,missing_chords
The Cross Has Said It All,Mat,G,missing_chords
Deep Calls to Deep,Mary Kathryn,Fm,missing_chords
I Cant even walk,Marty Stuart,G,missing_chords
Waiting Here For You,Martin Smith,C,missing_chords
Lord You Have My Heart,Martin Smith,Bm,missing_chords
Lord You Have My Heart,Martin Smith,Am,missing_chords
Come To The Table,Martin Nystrom,F,missing_chords
A Mighty Fortress Is Our God,Martin Luther,C,missing_chords
Time of Refreshing,Martin J. Nystrom & Don Harris,G,missing_chords
Hes Already Provided,Martha Munizzi,G,missing_chords
Come Thou Fount Of Every Blessing,Mark Schultz,D,missing_chords
Days Of Elijah,Mark Robin,A,missing_chords
Jesus All For Jesus,Mark Robin,D,missing_chords
There Is No Other Name,Mark Robin,G,missing_chords
Mary Did You Know,Mark Lowry,Em,missing_chords
Mary Did You Know,Mark Lowry,Am,missing_chords
Castaway,Mark Heard,G,missing_chords
House Of Broken Dreams,Mark Heard,G,missing_chords
How To Grow Up Big And Strong,Mark Heard,C#m,missing_chords
Look Over Your Shoulder,Mark Heard,D,missing_chords
To See Your Face,Mark Heard,A,missing_chords
I am Forever Grateful,Mark Altrogge,A,missing_chords
I Look to the Cross,Mark Altrogge,Am,missing_chords
Happy Meal,Marina and The Diamonds,B,missing_chords
Jesus the healer,Marilla Ness,G,missing_chords
Divine Mercy Chaplet,Marian Helpers,,missing_chords
A Cada Instante,Marcos Witt,F,missing_chords
A Cristo Le Voy,Marcos Witt,G,missing_chords
"A Cristo, Solo A Cristo",Marcos Witt,G,missing_chords
A Quien Iré,Marcos Witt,G,missing_chords
A Tí Atribuimos,Marcos Witt,G,missing_chords
A Ti,Marcos Witt,F,missing_chords
"A Ti, El Alfa Y La Omega",Marcos Witt,F,missing_chords
Aclama A Dios,Marcos Witt,G,missing_chords
Acuérdate,Marcos Witt,Eb,missing_chords
Adonai,Marcos Witt,Em,missing_chords
Agradecimiento,Marcos Witt,D,missing_chords
Al Estar Aqui,Marcos Witt,A,missing_chords
Alabad A Jehová,Marcos Witt,G,missing_chords
Alabadle,Marcos Witt,G,missing_chords
Alabe Al Señor,Marcos Witt,F,missing_chords
"Alegre, Muy Alegre",Marcos Witt,C,missing_chords
Aleluya,Marcos Witt,F,missing_chords
Aleluya A Nuestro Dios,Marcos Witt,D,missing_chords
Alza Tus Ojos,Marcos Witt,Am,missing_chords
Alzo Mis Manos Ante Dios,Marcos Witt,E,missing_chords
Amante De Tí,Marcos Witt,A,missing_chords
Amaré Al Señor Mi Dios,Marcos Witt,Dm,missing_chords
Aquí Estoy Otra Vez,Marcos Witt,F,missing_chords
Atrios,Marcos Witt,Em,missing_chords
Ayer Hoy Y Siempre,Marcos Witt,Bm,missing_chords
¿en Quién Puedo Confiar?,Marcos Witt,B,missing_chords
Bendeciré Tu Nombre,Marcos Witt,E,missing_chords
Canción A Dios,Marcos Witt,Bb,missing_chords
Cantad,Marcos Witt,A,missing_chords
Cantando Con Júbilo,Marcos Witt,D,missing_chords
Cerca De Tí,Marcos Witt,G,missing_chords
Como El Ciervo,Marcos Witt,G,missing_chords
Cristo Es Mi Señor,Marcos Witt,Dm,missing_chords
Cristo La Peña De Horeb,Marcos Witt,Dm,missing_chords
Cristo Reina,Marcos Witt,F,missing_chords
Cristo Rey Victorioso,Marcos Witt,F,missing_chords
Cristo Te Exalto,Marcos Witt,G,missing_chords
"Cristo, Amante De Mi Alma",Marcos Witt,Bm,missing_chords
Cuan Bello,Marcos Witt,D,missing_chords
Cuan Bello Es El Señor,Marcos Witt,D,missing_chords
Cuan Hermoso,Marcos Witt,A,missing_chords
Dame Más Sabiduría,Marcos Witt,Am,missing_chords
Damos Honor A Tí,Marcos Witt,E,missing_chords
"Danzare, Cantare",Marcos Witt,Am,missing_chords
De Gloria En Gloria,Marcos Witt,D,missing_chords
Declaramos Tu Majestad,Marcos Witt,G,missing_chords
Dia A Dia,Marcos Witt,G,missing_chords
Dios De Mi Salvación,Marcos Witt,D,missing_chords
Dios De Pactos,Marcos Witt,A,missing_chords
Dios Ha Sido Bueno,Marcos Witt,F,missing_chords
"Dios, Desciende Aquí",Marcos Witt,C#m,missing_chords
Echad La Hoz,Marcos Witt,Bm,missing_chords
El Amor,Marcos Witt,C,missing_chords
El Centro De Mi Adoración,Marcos Witt,A,missing_chords
El Deseado De Las Naciones,Marcos Witt,Em,missing_chords
El Es Mi Rey,Marcos Witt,Em,missing_chords
El Gozo,Marcos Witt,C,missing_chords
El Me Levantará,Marcos Witt,D,missing_chords
El Poderoso De Israe,Marcos Witt,Cm,missing_chords
El Volver,Marcos Witt,D,missing_chords
En La Tierra Habrá,Marcos Witt,Bb,missing_chords
En Navidad,Marcos Witt,D,missing_chords
En Tí,Marcos Witt,E,missing_chords
En Ti Confia Mi Corazon,Marcos Witt,E,missing_chords
En Tu Perfecta Voluntad,Marcos Witt,D,missing_chords
Enciende Una Luz,Marcos Witt,G,missing_chords
Es Por Tu Amor,Marcos Witt,F,missing_chords
Escucharte Hablar,Marcos Witt,G,missing_chords
Esfuerzate Y Se Muy Valiente,Marcos Witt,Em,missing_chords
Esperamos,Marcos Witt,A,missing_chords
Esperamos En Tí,Marcos Witt,A,missing_chords
Exáltate,Marcos Witt,G,missing_chords
Fiesta Hay En El Corazn,Marcos Witt,Am,missing_chords
Gracias,Marcos Witt,Gm,missing_chords
Gracias Seor,Marcos Witt,Em,missing_chords
Grandes Cosas,Marcos Witt,G,missing_chords
Has Cambiado,Marcos Witt,C,missing_chords
Has Cambiado Mi Lamen,Marcos Witt,C,missing_chords
Hashem Reina,Marcos Witt,Bm,missing_chords
Hay Momentos,Marcos Witt,G,missing_chords
Hay Poder,Marcos Witt,G,missing_chords
Hay Una Respuesta,Marcos Witt,C,missing_chords
He Decidido Seguir A Cristo,Marcos Witt,D,missing_chords
Heme Aquí,Marcos Witt,G,missing_chords
Hermoso Eres,Marcos Witt,A,missing_chords
Hijo De Dios Quiero Levantar Mis Manos,Marcos Witt,A,missing_chords
Hombre De Valor,Marcos Witt,A,missing_chords
Homoradora,Marcos Witt,Bm,missing_chords
Hossana,Marcos Witt,E,missing_chords
Hoy,Marcos Witt,C,missing_chords
Hoy Es Tiempo,Marcos Witt,Bm,missing_chords
Jennifer,Marcos Witt,G,missing_chords
Jesús Eres Mi Buen Pastor,Marcos Witt,A,missing_chords
Jesús Es Mi Rey Soberano,Marcos Witt,C,missing_chords
Jeshua,Marcos Witt,Am,missing_chords
La Anunciación,Marcos Witt,D,missing_chords
La Fuerza De Tu Amor,Marcos Witt,D,missing_chords
La Puerta De La Fé,Marcos Witt,E,missing_chords
Las Naciones Proclamen,Marcos Witt,C,missing_chords
Le Levantaré,Marcos Witt,C#m,missing_chords
Levantamos Tu Nombre,Marcos Witt,A,missing_chords
Levantate Y Salvame,Marcos Witt,Am,missing_chords
Llename Señor,Marcos Witt,G,missing_chords
Luz De Mi Vida,Marcos Witt,G,missing_chords
"Majestuoso, Poderoso",Marcos Witt,D,missing_chords
Manda El Fuego,Marcos Witt,C,missing_chords
Maravilloso Dios,Marcos Witt,G,missing_chords
Mas El Dios De Toda Gracia,Marcos Witt,A,missing_chords
Más Que Palabras,Marcos Witt,D,missing_chords
Me Asombra Tu Amo,Marcos Witt,G#m,missing_chords
Me Gozaré,Marcos Witt,Em,missing_chords
Me Has Llamado A Conocerte,Marcos Witt,Bb,missing_chords
Mesías Mi Salvador,Marcos Witt,Em,missing_chords
Mesias,Marcos Witt,F,missing_chords
Mi Alma Tiene Sed,Marcos Witt,C,missing_chords
Mi Dios Es Grande Y Fuerte,Marcos Witt,Am,missing_chords
Mi Pan,Marcos Witt,F,missing_chords
"Mi Pan, Mi Luz",Marcos Witt,F,missing_chords
Mi Primer Amor,Marcos Witt,A,missing_chords
Mil Gracias,Marcos Witt,G,missing_chords
Mira Nomás,Marcos Witt,Dm,missing_chords
Motivo De Mi Cancion,Marcos Witt,G,missing_chords
Nada Especial,Marcos Witt,F,missing_chords
Nadie Como Tu,Marcos Witt,D,missing_chords
Nadie Pudo Amarme Como Cristo,Marcos Witt,C,missing_chords
Necesitas Conocerle,Marcos Witt,D,missing_chords
No Cambiaría,Marcos Witt,Cm,missing_chords
No Hay Dios Tan Grande Como Tu,Marcos Witt,F,missing_chords
No Podria Vivir,Marcos Witt,G,missing_chords
No Te Afanes,Marcos Witt,Am,missing_chords
Nuestro Padre Eres Tú,Marcos Witt,A,missing_chords
Oh Gracias Encontre La Vida,Marcos Witt,G,missing_chords
Oh Jesús,Marcos Witt,Bm,missing_chords
Oh Jesús Creo En Tí,Marcos Witt,C,missing_chords
Oh Moradora De Sion,Marcos Witt,Bm,missing_chords
"Oh, Ven",Marcos Witt,D,missing_chords
"Oh, Ven Bendito Emanuel",Marcos Witt,Em,missing_chords
Padre Nuestro,Marcos Witt,D,missing_chords
Palabras De Vida Eterna,Marcos Witt,Am,missing_chords
"Paz, Cuan Dulce Paz",Marcos Witt,F,missing_chords
Peña De Horeb,Marcos Witt,Em,missing_chords
Perdonados,Marcos Witt,D,missing_chords
Poema De Salvación,Marcos Witt,D,missing_chords
Pon Aceite En Mi Vida,Marcos Witt,Am,missing_chords
Popurri De Coros,Marcos Witt,G,missing_chords
Popurri Ranchero,Marcos Witt,F,missing_chords
Por Esa Sangre,Marcos Witt,C,missing_chords
Por Tus Yagas,Marcos Witt,B,missing_chords
Porque Tu Eres Bueno,Marcos Witt,D,missing_chords
Preparad El Camino,Marcos Witt,F,missing_chords
Pueblos Todos Batid Las Manos,Marcos Witt,A,missing_chords
Purificame,Marcos Witt,A,missing_chords
Que Dulce,Marcos Witt,D,missing_chords
Que Seria De Mí,Marcos Witt,D,missing_chords
Quien Es Como Tu?,Marcos Witt,A,missing_chords
Quien Nos Separará,Marcos Witt,G,missing_chords
Quieres Ser Salvo?,Marcos Witt,G,missing_chords
Quiero Bendecir Tu Nombre,Marcos Witt,Bb,missing_chords
Quiero Cantar Una Linda Canción,Marcos Witt,E,missing_chords
Quiero Escuchar Tu Dulce Voz,Marcos Witt,F,missing_chords
Quiero Expresar Mi Gratitud,Marcos Witt,D,missing_chords
Quiero Llenar Tu Trono De Alabanzas,Marcos Witt,C,missing_chords
Quiero Más De Tí,Marcos Witt,A,missing_chords
Renuévame,Marcos Witt,D,missing_chords
Restauraras El Santo Lugar,Marcos Witt,Em,missing_chords
Roca Eterna,Marcos Witt,C,missing_chords
Salmo 121,Marcos Witt,Am,missing_chords
Sana Nuestra Tierra,Marcos Witt,G,missing_chords
Sananos,Marcos Witt,E,missing_chords
Santo Es Tu Nombre,Marcos Witt,C,missing_chords
Sólo Tú Eres Santo,Marcos Witt,G,missing_chords
Súplica,Marcos Witt,Cm,missing_chords
Se Exalta A Nuestro Dios,Marcos Witt,C,missing_chords
Señor Hazme Un Radical,Marcos Witt,G,missing_chords
Sendas Antiguas,Marcos Witt,Eb,missing_chords
Sendas Dios Hara,Marcos Witt,G,missing_chords
"Shalom, Sea La Paz",Marcos Witt,Dm,missing_chords
Si No Lo Hago Yo,Marcos Witt,E,missing_chords
Solamente En Cristo,Marcos Witt,C,missing_chords
Suenen Dulces Himnos,Marcos Witt,G,missing_chords
Tómame En Tus Brazos,Marcos Witt,G,missing_chords
Tú Harás,Marcos Witt,C,missing_chords
Te Alabare Mi Buen Jesus/bueno Es Alabar,Marcos Witt,E,missing_chords
Te Amo,Marcos Witt,F,missing_chords
Te Anhelo,Marcos Witt,A,missing_chords
Te Daré Alabanza Y Honor,Marcos Witt,F,missing_chords
Te Daré Lo Mejor Del Trigo,Marcos Witt,E,missing_chords
Te Exaltamos,Marcos Witt,G,missing_chords
Te Mire A Los Ojos,Marcos Witt,D,missing_chords
Te Vengo A Decir,Marcos Witt,D,missing_chords
Temprano Yo Te Buscaré,Marcos Witt,G,missing_chords
Tengo La Gloria,Marcos Witt,Cm,missing_chords
Tengo La Palabra,Marcos Witt,Dm,missing_chords
Tengo La Victoria,Marcos Witt,Em,missing_chords
Tentación,Marcos Witt,Bm,missing_chords
Tiempo,Marcos Witt,G,missing_chords
Toma Mi Ser,Marcos Witt,D,missing_chords
Tu Amor Por Mi,Marcos Witt,D,missing_chords
Tu Eres Dios,Marcos Witt,G,missing_chords
Tu Eres El Gozo,Marcos Witt,A,missing_chords
Tu Eres El Rey,Marcos Witt,C,missing_chords
Tu Fidelidad,Marcos Witt,D,missing_chords
Tu Gracia Me Sostiene,Marcos Witt,Dm,missing_chords
Tu Has Cambiado,Marcos Witt,G,missing_chords
Tu Me Diste Vida Eterna,Marcos Witt,F#m,missing_chords
Tu Mirada,Marcos Witt,G,missing_chords
Tu Misericordia,Marcos Witt,E,missing_chords
Tu Nombre Levantaré,Marcos Witt,G,missing_chords
Tu Nombre Oh Dios,Marcos Witt,A,missing_chords
Tu Sangre Derramaste,Marcos Witt,A,missing_chords
Tu Y Yo,Marcos Witt,Cm,missing_chords
"Tu, Cordero De Dios",Marcos Witt,Db,missing_chords
Un Adorador,Marcos Witt,C,missing_chords
Usa Mi Vida,Marcos Witt,A,missing_chords
Ven Río Poderoso,Marcos Witt,F,missing_chords
Ven Y Juntos Alabemos,Marcos Witt,F,missing_chords
Venció,Marcos Witt,C#m,missing_chords
Venid Fieles Todos,Marcos Witt,G,missing_chords
Volví A Vivir,Marcos Witt,C,missing_chords
Y Todo Ojo Le Verá,Marcos Witt,G,missing_chords
Yo Me Alegré,Marcos Witt,Em,missing_chords
Yo Quiero Ser Como Tú,Marcos Witt,D,missing_chords
Yo Soy,Marcos Witt,E,missing_chords
Yo Te Busco,Marcos Witt,D,missing_chords
Yo Tengo Gozo En Mi Alma,Marcos Witt,A,missing_chords
Yo Tengo Sed,Marcos Witt,D,missing_chords
Yo Tengo Un Amigo Que Me Ama,Marcos Witt,F,missing_chords
Abba,Marcos Brunet,G,missing_chords
Abba,Marcos Brunet,A,missing_chords
Digno,Marcos Barrientos,G,missing_chords
El Señor está en este lugar,Marcos Barrientos,E,missing_chords
Has ganado la la victoria,Marcos Barrientos,Am,missing_chords
A Cada Instante,Marco Barrientos,F,missing_chords
A El Sea La Gloria,Marco Barrientos,Gm,missing_chords
"Cause me to come to Your river, o Lord",Maranatha Singers,D,missing_chords
"If God is for us, then who can be against us",Maranatha Singers,G,missing_chords
"Yes, Lord Yes",Manna Music,F,missing_chords
Born For This,Mandisa,Em,missing_chords
Not Guilty,Mandisa,D,missing_chords
Say Goodbye,Mandisa,Em,missing_chords
This Is My Father's World,Maltbie D. Babcock,F,missing_chords
Chasing Shadows,Nouveaux,Em,missing_chords
You Breathe,Nouveaux,A,missing_chords
Jesus I love you,Norman Hutchins,G,missing_chords
Let The Glory Of The Lord,Nori Kelley,D,missing_chords
I'm With You,Nicole Nordeman,C,missing_chords
Every Season,Nicole Nordeman,A,missing_chords
Every Season,Nicole Nordeman,Eb,missing_chords
Small Enough,Nicole Nordeman,C,missing_chords
When I Call On Jesus,Nicole C. Mullen,E,missing_chords
Nothing Left To Lose,Nick Carter,A,missing_chords
Beautiful Addiction,Nf,Em,missing_chords
Oh Lord Acoustic,Nf,Dm,missing_chords
In Jesus Name,Newsong,Bb,missing_chords
The Way You Smile,Newsong,G,missing_chords
Kingdoms,7eventh Time Down,C,missing_chords
Hey Love,12 Stones,C#m,missing_chords
Power In Prayer,11th Hour,F,missing_chords
A Day Of Glory,Avenged Sevenfold,C,missing_chords
Dont Save It All For Christmas Day,Avalon,C,missing_chords
All Creatures Of Our God And King,August Burns Red,D,missing_chords
Death Be Not Proud,Audrey Assad,C,missing_chords
Holy Holy Holy,Audrey Assad,G,missing_chords
Holy Holy Holy,Audrey Assad,D,missing_chords
I Shall Not Want,Audrey Assad,A,missing_chords
I Shall Not Want,Audrey Assad,E,missing_chords
"O The Deep, Deep Love Of Jesus",Audrey Assad,C,missing_chords
Believer,Audio Adrenaline,D,missing_chords
Man Of God,Audio Adrenaline,C,missing_chords
Pirates Who Dont Do Anything,Audio Adrenaline,G,missing_chords
Starting Over,Audio Adrenaline,E,missing_chords
The Houseplant Song,Audio Adrenaline,D,missing_chords
The Houseplant Song,Audio Adrenaline,E,missing_chords
Your Saving Grace,Ashley Cleveland,E,missing_chords
Everything Good,Ashes Remain,C,missing_chords
Return To Us,Ascend The Hill,A,missing_chords
What A Savior,Ascend The Hill,C,missing_chords
And I Will Worship You,Arun Ross,D,missing_chords
I Just Want To Praise You,Arthur Tannous,F,missing_chords
God Will Take Care Of You,Aretha Franklin,G,missing_chords
From the Rising of the Sun,Anonymous,D,missing_chords
He Is the King of Kings,Anonymous,D,missing_chords
No Longer Seen,Anonymous,,missing_chords
We're Together Again,Anonymous,D,missing_chords
Blessed Be The Name,Andy Park,E,missing_chords
Glory And Praise,Andy Park,E,missing_chords
Have Mercy On Me,Andy Park,A,missing_chords
In The Secret,Andy Park,G,missing_chords
My Delight,Andy Park,G,missing_chords
Only You,Andy Park,G,missing_chords
Shout For Joy,Andy Park,G,missing_chords
After The Last Tear Falls,Andrew Peterson,D,missing_chords
All Things New,Andrew Peterson,D,missing_chords
Romans 11 Doxology,Andrew Peterson,,missing_chords
Im Going On,Andrew L. Byers,G,missing_chords
After The Fire,Amy Grant,G,missing_chords
Better Than A Hallelujah,Amy Grant,G,missing_chords
Breath Of Heaven,Amy Grant,D,missing_chords
Christmas For Cowboys,Amy Grant,A,missing_chords
Come Thou Fount Of Every Blessing,Amy Grant,D,missing_chords
El Shaddai,Amy Grant,Dm,missing_chords
Emmanuel,Amy Grant,G,missing_chords
Emmanuel,Amy Grant,D,missing_chords
Grown Up Christmas List,Amy Grant,D,missing_chords
Grown Up Christmas List,Amy Grant,C,missing_chords
I Have Decided,Amy Grant,B,missing_chords
River Lullaby,Amy Grant,B,missing_chords
Sing Your Praise To The Lord,Amy Grant,C,missing_chords
Thy Word,Amy Grant,E,missing_chords
Unafraid,Amy Grant,A,missing_chords
We Believe In God,Amy Grant,D,missing_chords
We Come to Praise,Amy Grant,Em,missing_chords
Cry,Amanda Stott,G,missing_chords
My Story,Amanda Ruth Music,C,missing_chords
God Rest Ye Merry Gentlemen,Aly & AJ,Am,missing_chords
"Jesus, Lord To Me",Alvin Slaughter,F,missing_chords
Broken,Altars boy,G,missing_chords
Surrender,Allison watts,D,missing_chords
The Beauty Of This Man,Allen Hood,D,missing_chords
If We Were Lovers,All-Star United,F,missing_chords
It Will Be Worth It All,All together Seperate,G,missing_chords
We Know That You Are God,All together Seperate,E,missing_chords
My Roving Heart,All Sons & Daughters,G,missing_chords
El Señor Es Mi Rey,Alexis Peña,Dm,missing_chords
Mi Vida Es Tuya,Alexis Peña,G,missing_chords
Te Cantaré,Alexis Peña,Am,missing_chords
Toma Mi Mano,Alexis Peña,G,missing_chords
Yo Te Prometo,Alexis Peña,C,missing_chords
"Yesterday, Today, Forever",Albert B. Simpson,Fm,missing_chords
A Holly Jolly Christmas,Alan Jackson,G,missing_chords
Anywhere On Earth You Are,Alan Jackson,F,missing_chords
A Candle In The Window,Alabama,C,missing_chords
Alabama Sky,Alabama,C,missing_chords
American Pride,Alabama,C,missing_chords
Cant Forget About You,Alabama,G,missing_chords
Carolina Mountain Dew,Alabama,G,missing_chords
Changes Coming On,Alabama,C,missing_chords
Christmas In Your Arms,Alabama,C,missing_chords
Christmas Is Love,Alabama,C,missing_chords
Dancin Shaggin On The Boulevard,Alabama,G,missing_chords
Face To Face,Alabama,C,missing_chords
Feels So Righ,Alabama,Eb,missing_chords
Feels So Right,Alabama,Eb,missing_chords
Five Oclock 500,Alabama,G,missing_chords
Forevers As Far As Ill Go,Alabama,C,missing_chords
Forty Hour Week,Alabama,C,missing_chords
God Must Have Spent A Little More Time On You,Alabama,D,missing_chords
High Cotton,Alabama,F,missing_chords
I Found You,Alabama,G,missing_chords
If I Had You,Alabama,D,missing_chords
My Girl,Alabama,C,missing_chords
Southern Star,Alabama,Bb,missing_chords
Worship The Lord,Al Gordon,G,missing_chords
Air I Breathe,Age of faith,D,missing_chords
Dont Wait,Addison Road,Em,missing_chords
Run,Addison Road,C,missing_chords
Show Me Life,Addison Road,Em,missing_chords
Sticking With You,Addison Road,Eb,missing_chords
Here Is My Life,Adam Haynes,G,missing_chords
Look & Behold,Adam Haynes,E,missing_chords
Here Is My Life,Adam Hayne,E,missing_chords
Every Mothers Way,Adam Again,A,missing_chords
Harsh,Adam Again,C,missing_chords
Whats Your Name,Adam Again,F,missing_chords
Dame Mas De Ti,Acquire The Fire,C,missing_chords
Lord I Seek You,Acquire The Fire,C,missing_chords
Meet Me Here,Acquire The Fire,D,missing_chords
Te pertenezco,Abel Zavala,A,missing_chords
A Friend I Had,Aaron Sprinkle,D,missing_chords
God So Loved The World,Aaron Shust,Em,missing_chords
The Name Of Jesus,Aaron Shust,D,missing_chords
Heal Me,Aaron Jeoffrey,Eb,missing_chords
I Am Your Cup,Aaron Gillespie,Eb,missing_chords
Qíyì ēndiǎn (Amazing Grace in Chinese Pinyin),A. Christian,G,missing_chords
That Little Piece Of Wang,A L Lloyd,D,missing_chords
Have Faith In Me,A Day to Remember,Am,missing_chords
I Surrender,A Day to Remember,C,missing_chords
Out Of time,A Day to Remember,Am,missing_chords
Love Has Left The Room,A Camp,G,missing_chords
Stronger Than Jesus,A Camp,C,missing_chords
Via Del Campo,A Camp,C,missing_chords
Great And Mighty,Byron Cage,,missing_chords
Our God is an awesome God,by Rich Mullins,C,missing_chords
No One Else Knows,Building 429,A,missing_chords
Holy Spirit,Bryan & Katie Torwalt,G,missing_chords
We Have Come Into This House,Bruce Ballinger,D,missing_chords
I surrender,Brooklyn tabernacle choir,G,missing_chords
Hymn,Brooke Fraser,Em,missing_chords
All I Want To Do Worship,Broadcast Church Worship,G,missing_chords
Amazing Life,Britt Nicole,Gm,missing_chords
Have Your Way,Britt Nicole,G,missing_chords
Crown Him With Many Crowns,Bridges/Elvey,C,missing_chords
Walls,Brian Silengo,Em,missing_chords
In Christ Alone,Brian Littrell,A,missing_chords
Angels,Brian Johnson,D,missing_chords
I Love Your Name,Brian Johnson,D,missing_chords
Light a Fire,Brian Johnson,G,missing_chords
All Creation,Brian Doerksen,A,missing_chords
Change Me On The Inside,Brian Doerksen,D,missing_chords
Creation Calls,Brian Doerksen,F,missing_chords
Eternity,Brian Doerksen,A,missing_chords
Ever So Gently,Brian Doerksen,D,missing_chords
Everlasting,Brian Doerksen,B,missing_chords
Faithful Father,Brian Doerksen,G,missing_chords
Faithful One,Brian Doerksen,D,missing_chords
Faithful One,Brian Doerksen,C,missing_chords
Father I want you to hold me,Brian Doerksen,F,missing_chords
Father To Son,Brian Doerksen,F,missing_chords
I Lift My Eyes Up,Brian Doerksen,C,missing_chords
I See The Cross,Brian Doerksen,E,missing_chords
More,Brian Doerksen,A,missing_chords
My Redeemer,Brian Doerksen,F,missing_chords
Psalm 121 (I Lift My Eyes Up),Brian Doerksen,C,missing_chords
Psalm 13 (How Long O Lord),Brian Doerksen,Bm,missing_chords
Refiners Fire,Brian Doerksen,D,missing_chords
Remember Mercy,Brian Doerksen,E,missing_chords
The River,Brian Doerksen,F,missing_chords
Today,Brian Doerksen,A,missing_chords
You Shine,Brian Doerksen,E,missing_chords
You Surround Me,Brian Doerksen,F,missing_chords
Your Faithfulness,Brian Doerksen,F,missing_chords
Angels,Brian & Jenn Johnson,D,missing_chords
Raise a Hallelujah,Bri Babineaux,,missing_chords
The Way,Brett Younker,Em,missing_chords
Adoration,Brenton Brown,G,missing_chords
Holy,Brenton Brown,D,missing_chords
Humble King,Brenton Brown,D,missing_chords
Lead Me,Brenton Brown,D,missing_chords
Rock Of Ages,Brenton Brown,Em,missing_chords
You Beloved,Brent Helming,G,missing_chords
Be Exalted O God,Brent Chambers,A,missing_chords
"Be Exalted, O God",Brent Chambers,Eb,missing_chords
I'm Not Who I Was,Brandon heath,G,missing_chords
In The Dust,Brandon heath,C,missing_chords
Might Just Save Your Life,Brandon heath,Bm,missing_chords
Jesus Christ,Brand New,Bm,missing_chords
We are Hungry,Brad Kilman,G,missing_chords
I Heard the Voice of Jesus Say,Bonar,Em,missing_chords
I Heard the Voice of Jesus Say,Bonar,Em,missing_chords
Five Hundred Miles,Bobby Bare,Bm,missing_chords
Cover Me,Bebo,G,missing_chords
Emmanuel,Bob McGee,C,missing_chords
Emmanuel (His Name Is Called Emmanuel),Bob McGee,C,missing_chords
Den Lilla Planeten,bob hund,Am,missing_chords
Reserverat För Spöken,bob hund,Cm,missing_chords
Rocknroll Tar Död På Mig,bob hund,E,missing_chords
Desolation Row Chords,Bob Dylan,D,missing_chords
O Little Town Of Bethlehem,Bob Dylan,D,missing_chords
Be Not Afraid,Bob Dufford,G,missing_chords
Open Our Eyes,Bob Cull,D,missing_chords
Let Your Light Shine On Me,Blind Willie Johnson,G,missing_chords
We Give You Glory Lord,BIWT,C,missing_chords
Amazing Love,Billy Foote,D,missing_chords
Break Our Hearts,Billy Foote,G,missing_chords
A Fathers Love,Billy Crockett,C,missing_chords
Knowing You'll Be There,Bill Gaither,C,missing_chords
Blessed Assurance,Bill Anderson,C,missing_chords
He Is Lord,Bill & Gloria Gaither,G,missing_chords
It Wont Rain Always,Bill & Gloria Gaither,D,missing_chords
Jesus Jesus Jesus - Theres Just Something About That Name,Bill & Gloria Gaither,D,missing_chords
Theres Just Something About That Name,Bill & Gloria Gaither,D,missing_chords
Everything You Are,Big Daddy Weave,E,missing_chords
It's Not About You,Big Daddy Weave,D,missing_chords
Its All About You,Big Daddy Weave,E,missing_chords
My Heart Cries Holy,Big Daddy Weave,G,missing_chords
Jesús Adrián Romero,Bienaventurado,Gm,missing_chords
Lean Back,Bethel Music,C,missing_chords
Lord Of Dance,Bethel Music,G,missing_chords
No Longer Slaves,Bethel Music,Bb,missing_chords
Open Up The Heavens,Bethel Music,C,missing_chords
Out Of Hiding,Bethel Music,A,missing_chords
Wonder Spontaneous,Bethel Music,A,missing_chords
Wonder Spontaneous,Bethel Music,G,missing_chords
Worthy Of It All,Bethel Music,A,missing_chords
You are my Champion,Bethel Music,,missing_chords
My Dear,Bethel Live,Em,missing_chords
What Does It Sound Like,Bethel Church,Bm,missing_chords
Change,Bethany Dillon,G,missing_chords
Exodus (Faithful),Bethany Dillon,Bb,missing_chords
Reach Out,Bethany Dillon,Em,missing_chords
Youre The Best Song,Bethany Dillon,E,missing_chords
Bow Down And Worship Him,Benjamin Dube,Bm,missing_chords
Bow Down and Worship Him,Ben Cantelon,Em,missing_chords
Hallelujah,Ben Cantelon,G,missing_chords
Hallelujah,Ben Cantelon,A,missing_chords
Never Let Me Go,Ben Cantelon,D,missing_chords
New Day,Ben Cantelon,A,missing_chords
I Know You,Bellarive,G,missing_chords
Great Light Of The World,Bebo Norman,Em,missing_chords
Here Goes,Bebo Norman,G,missing_chords
Holy Is Your Name,Bebo Norman,E,missing_chords
Perhaps Shell Wait,Bebo Norman,G,missing_chords
Step By Step,Beaker,C,missing_chords
Railroad Man Barry McGuire,Barry McGuire,G,missing_chords
Clothes,BarlowGirl,C,missing_chords
Hello Sunshine,BarlowGirl,D,missing_chords
Have Fun On Warped Tour,B A Johnston,G,missing_chords
Pita Pit Girls,B A Johnston,B,missing_chords
Lead Me Out OF THRE DARK,Crown The Empire,Em,missing_chords
Steeple Outro,Crowder,A,missing_chords
Good To Me,Craig Musseau,G,missing_chords
Pour Out My Heart,Craig Musseau,G,missing_chords
Holy Ghost Party,Cory Asbury,A,missing_chords
Where I Belong,Cory Asbury,Eb,missing_chords
Consume Con Tu Fuego,Consume Con Tu Fuego,F,missing_chords
Joshua,Consider the Thief,G#m,missing_chords
Back To Life,Colton Dixon,Am,missing_chords
Ill Be The Light,Colton Dixon,D,missing_chords
"Jesus Is The Mighty, Mighty King",Colin Buchanan,,missing_chords
All Ye,Coffey Anderson,Em,missing_chords
Run to the Father,Cody Carnes,C,missing_chords
All Over the World,CMFI Worship,C,missing_chords
Blessed be the name of the Lord,CMFI Worship,D,missing_chords
Blessed be the name of the Lord,CMFI Worship,C,missing_chords
Fill Me Up,CMFI Worship,D,missing_chords
Holy Spirit Come_ Fill Me Up,CMFI Worship,D,missing_chords
Holy Spirit Move,CMFI Worship,D,missing_chords
I know the Lord,CMFI Worship,D,missing_chords
I say yes Au kaya io,CMFI Worship,D,missing_chords
I went to the Enemys Camp... medley,CMFI Worship,G,missing_chords
Im Gonna Run With Fire,CMFI Worship,D,missing_chords
Its You Alone,CMFI Worship,D,missing_chords
LOOK WHAT THE LORD HAS DONE,CMFI Worship,D,missing_chords
Lord I Long to see you face to face,CMFI Worship,D,missing_chords
MAJESTY,CMFI Worship,E,missing_chords
Meda mai Meke,CMFI Worship,D,missing_chords
Meda Meke,CMFI Worship,D,missing_chords
Meda Meke Ena Vakamuduo,CMFI Worship,D,missing_chords
People of Destiny,CMFI Worship,D,missing_chords
Run Run Run,CMFI Worship,G,missing_chords
Smile awhile,CMFI Worship,D,missing_chords
Surround Me Oh Lord,CMFI Worship,D,missing_chords
The Lord Reigneth,CMFI Worship,Bb,missing_chords
"There is power, power, wonder working power",CMFI Worship,G,missing_chords
Theres No One Like Jesus,CMFI Worship,D,missing_chords
Theres Nothing Like The Presence Of The Lord,CMFI Worship,D,missing_chords
We give all the Glory to Jesus,CMFI Worship,G,missing_chords
Welcome Holy Spirit,CMFI Worship,E,missing_chords
Welcome Holy Spirit,CMFI Worship,G,missing_chords
What A Mighty God We Serve,CMFI Worship,D,missing_chords
You are awesome in this place,CMFI Worship,G,missing_chords
You Are My Portion,CMFI Worship,D,missing_chords
LORD PREPARE ME,CMF,D,missing_chords
MEDA MEKE KAILA,CMF,D,missing_chords
Mighty God,Clint Brown,Fm,missing_chords
Shake The Foundation,Clint Brown,G,missing_chords
We worship you with lips of adoration,Clint Brown,E,missing_chords
The Millennium Prayer,Cliff Richard,D,missing_chords
"Yet Not I, But Through Christ In Me",CityAlight,C,missing_chords
"Yet Not I, But Through Christ In Me (EASY)",CityAlight,G,missing_chords
Hark The Herald Angels Sing,Citizens,C,missing_chords
What A Mighty God We Serve,Church Hymns,D,missing_chords
Be Enthroned Oh God,Chuck Girard,F,missing_chords
You Revive Me,Christy Nockels,A,missing_chords
Jazz,Christopher Myhre,C,missing_chords
Mary On The Donkey (The Christmas Interlude),Christopher Myhre,,missing_chords
Silent Address,Christopher Myhre,Em,missing_chords
You Are Always There,Christopher Myhre,Db,missing_chords
Come Thou long-expected Jesus,Christmas Songs,D,missing_chords
Just a simple stable,Christmas Songs,Eb,missing_chords
"Still, still, still",Christmas Songs,D,missing_chords
Como Dijiste,Christine Dclario,Dm,missing_chords
Contigo Yo Quiero Estar,Christine Dclario,A,missing_chords
Magnífico,Christine Dclario,A,missing_chords
Quien Es Como El Padre,Christine Dclario,G,missing_chords
Ven Señor Derrama Tu Gloria,Christine Dclario,F,missing_chords
A Song For You,Christina Aguilera,Am,missing_chords
Ballad,Christina Aguilera,D,missing_chords
Birds Of Prey,Christina Aguilera,Am,missing_chords
Candyman,Christina Aguilera,E,missing_chords
Cruz,Christina Aguilera,F,missing_chords
El Beso Del Final,Christina Aguilera,A,missing_chords
Fool For You,Christina Aguilera,G,missing_chords
Hoy Tengo Ganas De Ti,Christina Aguilera,Dm,missing_chords
Hurt,Christina Aguilera,Em,missing_chords
I Turn To You,Christina Aguilera,F,missing_chords
Keep On Singin My Song,Christina Aguilera,E,missing_chords
Lift Me Up,Christina Aguilera,E,missing_chords
Abba Bapa,Christian,C,missing_chords
Amazing Grace,Christian,E,missing_chords
Awesome God,Christian,Bm,missing_chords
Be Thou My Vision,Christian,D,missing_chords
Danke Fuer Diesen Guten Morgen,Christian,C,missing_chords
His Sheep Am I,Christian,D,missing_chords
How Firm A Foundation,Christian,G,missing_chords
I Have Decided To Follow Jesus,Christian,C,missing_chords
I Have Decided To Follow Jesus,Christian,E,missing_chords
I Lift My Hands,Christian,D,missing_chords
I Remember The Girl,Christian,A,missing_chords
It Is Well With My Soul,Christian,C,missing_chords
Jeg Overgiver Mig Intro,Christian,G,missing_chords
Jesus Loves Me,Christian,Bb,missing_chords
Jesus Loves Me,Christian,G,missing_chords
Jesus Loves Me,Christian,D,missing_chords
Let Me Go,Christian,D,missing_chords
Lily Of The Valley,Christian,C,missing_chords
Lloran Las Rosas,Christian,D,missing_chords
Ring The Bells Of Heaven,Christian,E,missing_chords
Se Mi Aire,Christian,G,missing_chords
Sons Of God,Christian,C,missing_chords
Spiritual Cramp,Christian,E,missing_chords
You Are Holy,Christ For The Nations,E,missing_chords
It's Always Been You,Christ August,D,missing_chords
Restore,Christ August,A,missing_chords
Agnus Dei,Chris Tomlin,C,missing_chords
Captured,Chris Tomlin,D,missing_chords
Despiértanos,Chris Tomlin,D,missing_chords
Du Bist Der Herr,Chris Tomlin,E,missing_chords
Eternamente Dios,Chris Tomlin,B,missing_chords
Grace Flows Down,Chris Tomlin,G,missing_chords
Grace Like Rain,Chris Tomlin,Bm,missing_chords
Hark The Herald Angels Sing,Chris Tomlin,F,missing_chords
How Great Thou Art,Chris Tomlin,G,missing_chords
How Marvelous,Chris Tomlin,G,missing_chords
In Love With You,Chris Tomlin,G,missing_chords
In The Secret,Chris Tomlin,G,missing_chords
Its Christmas,Chris Tomlin,A,missing_chords
Me Levantaré,Chris Tomlin,Em,missing_chords
Need You Now,Chris Tomlin,F,missing_chords
Noise We Make,Chris Tomlin,E,missing_chords
River,Chris Tomlin,C,missing_chords
Shout To The Lord,Chris Tomlin,Bb,missing_chords
Silent Night,Chris Tomlin,G,missing_chords
The Noise We Make,Chris Tomlin,D,missing_chords
The River,Chris Tomlin,B,missing_chords
What Child Is This?,Chris Tomlin,Em,missing_chords
Wonderful Maker,Chris Tomlin,C,missing_chords
Vessel,Chris Sligh,D,missing_chords
Go Light Your World,Chris Rice,C,missing_chords
Nothing,Chris Rice,D,missing_chords
The Christmas Song Chestnuts Roasting On An Open Fire,Chris Rice,C,missing_chords
I Was Made To Praise You,Chris Christensen,E,missing_chords
I believe,Chris August,Ab,missing_chords
His Robes for Mine,Chris Anderson,D,missing_chords
A Sentimental Song,Choir,Am,missing_chords
About Love,Choir,G,missing_chords
All That Is You,Choir,E,missing_chords
Amazing,Choir,G,missing_chords
Babe in Straw,Choir,G,missing_chords
Babe In The Straw,Choir,G,missing_chords
Blue Skies,Choir,A,missing_chords
Cain,Choir,Dm,missing_chords
Circle Slide,Choir,Am,missing_chords
Dreams,Choir,E,missing_chords
Grace,Choir,Em,missing_chords
Kingston Road,Choir,F,missing_chords
Leprechaun,Choir,E,missing_chords
Paradise,Choir,C,missing_chords
Someone To Hold Onto,Choir,Em,missing_chords
Wilderness,Choir,C,missing_chords
Yellow Skies,Choir,D,missing_chords
There Is joy In The Lord,Cheri Keaggy,Em,missing_chords
No Longer Seen,Chelsea Watterson,,missing_chords
Am a little Higher,charlie peacock,D,missing_chords
Dear Friend,charlie peacock,G,missing_chords
Monkeys At The Zoo,charlie peacock,B,missing_chords
My Fathers Crown,charlie peacock,G,missing_chords
All The Earth,Charlie Hall,Bm,missing_chords
Beautiful of Heaven,Charlie Hall,A,missing_chords
Closer,Charlie Hall,A,missing_chords
Draw Me Close To You,Charlie Hall,A,missing_chords
Freedom Song,Charlie Hall,G,missing_chords
Holy Visitation,Charlie Hall,E,missing_chords
Mystery,Charlie Hall,A,missing_chords
Salvation,Charlie Hall,E,missing_chords
Song Of The Redeemed,Charlie Hall,Em,missing_chords
And Can It Be,Charles Wesley,G,missing_chords
Be Bold And Be Strong,"CHAPMAN, MORRIS",A,missing_chords
68 RNF(Invoque-moi du sein de la détresse)(in construction),Chant,G,missing_chords
Jesus Youre Beautiful,CeCe Winans,Bb,missing_chords
A King is born this day in Bethlehem,Catholic Mass Songs,G,missing_chords
"ABBA FATHER, let us be",Catholic Mass Songs,A,missing_chords
"All the ends of earth, All you creatures of the sea",Catholic Mass Songs,A,missing_chords
"All the nations of the earth, praise the Lord",Catholic Mass Songs,G,missing_chords
"All things are thine, O Lord",Catholic Mass Songs,G,missing_chords
Anime Christi,Catholic Mass Songs,F,missing_chords
Christians let us love one another,Catholic Mass Songs,Dm,missing_chords
Come let us go to the mountain of the Lord,Catholic Mass Songs,Em,missing_chords
Faith in God can move the mountains,Catholic Mass Songs,D,missing_chords
"Father so loving, Magnificent God",Catholic Mass Songs,G,missing_chords
"Father, I place into Your hands",Catholic Mass Songs,F,missing_chords
Glory to God in the highest (Gloria Ver 1),Catholic Mass Songs,F,missing_chords
"Glory to God in the highest, and peace to His people on Earth (Mass of Creation)",Catholic Mass Songs,Gm,missing_chords
"Glory to the Father, Sing glory to the Son",Catholic Mass Songs,A,missing_chords
"Go, the Mass is ended, children of the Lord",Catholic Mass Songs,A,missing_chords
Great is he whos the king of kings,Catholic Mass Songs,C,missing_chords
Hallelujah praise the lord Everything that has breathe praise the lord,Catholic Mass Songs,D,missing_chords
Hallelujah To The Lamb,Catholic Mass Songs,D,missing_chords
He is Lord He has risen from the dead,Catholic Mass Songs,G,missing_chords
Holy Holy Holy Lord God of power and glory and might,Catholic Mass Songs,Dm,missing_chords
"How lovely is Your dwelling place, O Lord!",Catholic Mass Songs,E,missing_chords
I place my hand in your hand and joyously I walk,Catholic Mass Songs,G,missing_chords
I rejoiced when I heard the people saying,Catholic Mass Songs,G,missing_chords
"I sing a song to You, Lord, A song of love and praise",Catholic Mass Songs,E,missing_chords
"In bread we bring you Lord, our bodys labour",Catholic Mass Songs,D,missing_chords
Its Your Blood that cleanses me,Catholic Mass Songs,C,missing_chords
"Jesus, sweet Jesus, what a wonder you are",Catholic Mass Songs,F,missing_chords
"Jesus, you are my salvation",Catholic Mass Songs,F,missing_chords
Jewish Hosanna,Catholic Mass Songs,Em,missing_chords
"Just like a child, who trust his father dear",Catholic Mass Songs,B,missing_chords
"Know ye not, know ye not, ye are the temple",Catholic Mass Songs,C,missing_chords
"Lenten Gospel Acclamation : Praise to you, Lord Jesus Christ, King of Endless Glory",Catholic Mass Songs,G,missing_chords
Listen let your heart keep seeking,Catholic Mass Songs,C#m,missing_chords
Lod God have mercy on us All,Catholic Mass Songs,Dm,missing_chords
Melchizedek Alleluia (Sing his message loud and clear),Catholic Mass Songs,G,missing_chords
My hearts like a flute and I want to play all day,Catholic Mass Songs,C,missing_chords
"O Lamb of God, you take away the sins",Catholic Mass Songs,D,missing_chords
"O Lord , I’m not worthy Yet you come to live in me",Catholic Mass Songs,G,missing_chords
Oh Sacrament most Holy,Catholic Mass Songs,C,missing_chords
on the paten with the host i offer up my lowly heart,Catholic Mass Songs,D,missing_chords
On we go to Jerusalem,Catholic Mass Songs,Em,missing_chords
"Open Your Ears, O Faithful People, God has spoken, to his people, Hallelujah",Catholic Mass Songs,B,missing_chords
"Reign in me Sovereign Lord, reign in me",Catholic Mass Songs,D,missing_chords
Seek ye first the Kingdom of God,Catholic Mass Songs,C,missing_chords
"Sing, shout, clap your hands",Catholic Mass Songs,D,missing_chords
"Soul of my Saviour, sanctify my breast (Anima Christi)",Catholic Mass Songs,F,missing_chords
"Take my life, O Lord, take my life",Catholic Mass Songs,D,missing_chords
The Lord our God is the Lord of Lords,Catholic Mass Songs,Em,missing_chords
"To God in gladness sing, how great his name",Catholic Mass Songs,G,missing_chords
We are gathering together unto Him,Catholic Mass Songs,G,missing_chords
When the kindness of our God was revealed in Jesus,Catholic Mass Songs,G,missing_chords
When we eat this Bread,Catholic Mass Songs,D,missing_chords
"You invite us to your feast, Lord",Catholic Mass Songs,C,missing_chords
"Yours is the Kingdom, Yours is the power",Catholic Mass Songs,C,missing_chords
Holy Spirit my counselor My Comforter in trouble,Catholic Hymn,E,missing_chords
I thank my God Each time I think of You,Catholic Hymn,A,missing_chords
I thank my God Each time I think of You,Catholic Hymn,A,missing_chords
If the spirit of the Lord is in my Soul,Catholic Hymn,G,missing_chords
Jesus always loved His own,Catholic Hymn,D,missing_chords
O Cross Erected Above The World,Catholic Hymn,Em,missing_chords
"O give thanks to the Lord, for he is good",Catholic Hymn,F,missing_chords
Our Father in heaven Hallowed be Your name,Catholic Hymn,Gb,missing_chords
"Sweet heart of Jesus, make us know and love thee",Catholic Hymn,D,missing_chords
Tantum ergo Sacramentum,Catholic Hymn,F,missing_chords
The Summons,Catholic Hymn,F,missing_chords
Every Man,Casting Crowns,G,missing_chords
Scars In Heaven,Casting Crowns,,missing_chords
Scars In Heaven,Casting Crowns,,missing_chords
Silent Night,Casting Crowns,Bb,missing_chords
Slow Fade,Casting Crowns,A,missing_chords
While You Were Sleeping,Casting Crowns,C,missing_chords
White Dove Fly High,Casting Crowns,Em,missing_chords
Something in the Water,Carrie Underwood,G,missing_chords
Last Thursday,Carolyn Arends,G,missing_chords
Mountain High,Cageless Birds,,missing_chords
All I Need (Did Not Catch Her Name),Caedmons call,A,missing_chords
All I Need Did Not Catch Her Name,Caedmons call,G,missing_chords
Cant Lose You,Caedmons call,C,missing_chords
Let Me Be,Caedmons call,D,missing_chords
Thy Mercy My God,Caedmons call,A,missing_chords
God is Good,Dustin Kensrue,A,missing_chords
In The Darkness,Dustin Kensrue,C,missing_chords
O Come O Come Emmanuel,Dustin Kensrue,Em,missing_chords
Of Crows And Crowns,Dustin Kensrue,Bm,missing_chords
What Beautiful Things,Dustin Kensrue,C,missing_chords
Oh Lord Our Lord,Doug Bergsma,C,missing_chords
Only You Are Holy,Donnie McClurkin,G,missing_chords
Victory Chant,Donnie McClurkin,G,missing_chords
Servant Song,"Donna Marie McGargill, OSM",E,missing_chords
Glorify Thy Name,Donna Adkins,C,missing_chords
Lord Most High,Don Harris,E,missing_chords
A Legend In My Time,Don Gibson,G,missing_chords
After The Heartache,Don Gibson,G,missing_chords
I Need Thee Every Hour,Don Gibson,D,missing_chords
I NEED THEE EVERY HOUR,Don Gibson,G,missing_chords
Gotta Tell Somebody,Don Francisco,Am,missing_chords
The Fast Not To Win Not,Don Francisco,D,missing_chords
To God,Don Francisco,A,missing_chords
I Could Run Away,Don Chaffer,G,missing_chords
Come Back Down,dogwood,Bm,missing_chords
Jesus,dogwood,F,missing_chords
Savior,Disciple,D,missing_chords
Worth The Pain,Disciple,Bm,missing_chords
Alegria,Diante do Trono,C,missing_chords
Esconde-Esconde,Diante do Trono,C,missing_chords
Escudo E Proteção,Diante do Trono,C,missing_chords
Mais Que Vencedor,Diante do Trono,Cm,missing_chords
O Vencedor,Diante do Trono,E,missing_chords
Rendido Estou,Diante do Trono,D,missing_chords
In His Time,Diane Ball,C,missing_chords
f u worship chords kept screwing up what I typed,dfghj,,missing_chords
Counting On God,Desperation band,B,missing_chords
Everything To God,Desperation band,A,missing_chords
Far Better,Desperation band,A,missing_chords
I Will Go,Desperation band,Am,missing_chords
Perfect One,Desperation band,G,missing_chords
Heaven,Derek Webb,G,missing_chords
I Want A Broken Heart,Derek Webb,A,missing_chords
Rich Young Ruler,Derek Webb,A,missing_chords
My Enemies Are Men Like Me,Derek Webb,Am,missing_chords
You are lord(Ou se Senye),Delly Benson,G,missing_chords
Awaken The Dawn,Delirious,F,missing_chords
Cantaria Sin Parar The Happy Song,Delirious,F,missing_chords
Every Little Thing,Delirious,Am,missing_chords
Grande Es El Señor,Delirious,E,missing_chords
Griten Al Norte,Delirious,C,missing_chords
Hacedor De Milagros,Delirious,Dm,missing_chords
Hands Of Kindness,Delirious,D,missing_chords
Inside Outside,Delirious,Am,missing_chords
Its Ok,Delirious,D,missing_chords
King Or Cripple,Delirious,E,missing_chords
Nails In Your Hand,Delirious,G,missing_chords
Now Is The Time,Delirious,C,missing_chords
Pen The Eyes Of My Heart,Delirious,E,missing_chords
Prophet Song,Delirious,E,missing_chords
Tuyo Es Mi Corazón,Delirious,C#m,missing_chords
We Worship You,Deitrick Haddon,Bm,missing_chords
Christmas Blues,Dean Martin,D,missing_chords
I Wish Wed All Been Ready,dc Talk,C,missing_chords
God And Mars Acoustic,Days Away,G,missing_chords
Break Dividing Walls,David Ruis,G,missing_chords
His Love,David Ruis,E,missing_chords
Let The Mercies Fall,David Ruis,C,missing_chords
Lily Of The Valley,David Ruis,G,missing_chords
We Will Dance,David Ruis,D,missing_chords
Forgiven,David Meece,F,missing_chords
One Small Child,David Meece,E,missing_chords
We Are The Reason,David Meece,G,missing_chords
All Creatures Of Our God And King,David Crowder Band,D,missing_chords
B Quiet Interlude,David Crowder Band,G,missing_chords
Because He Live,David Crowder Band,A,missing_chords
Can I Lie Here,David Crowder Band,E,missing_chords
Cry Mercy,David Crowder Band,Bm,missing_chords
He Is The Love,David Crowder Band,G,missing_chords
Here is Our King,David Crowder Band,C,missing_chords
I Lift My Eyes,David Crowder Band,B,missing_chords
Leaning on the Everlasting Arms,David Crowder Band,G,missing_chords
O Come O Come Emmanuel,David Crowder Band,Am,missing_chords
"O, For A Thousand Tongues To Sing",David Crowder Band,G,missing_chords
Oh Praise Him,David Crowder Band,G,missing_chords
Our Love is Loud,David Crowder Band,E,missing_chords
Phos Hilaron,David Crowder Band,Em,missing_chords
Rain Down,David Crowder Band,Bm,missing_chords
Shadows,David Crowder Band,C#m,missing_chords
You Never Let Go,David Crowder Band,E,missing_chords
អធិស្ឋាន​សម្រាប់​កម្ពុជា,Dave Richards,A,missing_chords
Come let us worship,Dave Doherty,D,missing_chords
All Hail The Lamb,Dave Bilbrough,G,missing_chords
I Am A New Creation,Dave Bilbrough,C,missing_chords
Shout Shout for Joy,Dave Bell,C,missing_chords
Amen,Dave Barnes,G,missing_chords
Close Your Eyes,Dave Barnes,D,missing_chords
Family Tree,Dave Barnes,C,missing_chords
Until You,Dave Barnes,D,missing_chords
For The Lord Is A Great God,Darrell Evans,G,missing_chords
Freedom,Darrell Evans,G,missing_chords
Whom Shall I Fear,Darrell Evan,G,missing_chords
Your Love is Extravagant,Darell Evans,E,missing_chords
A King And A Kingdom,Darek Webb,D,missing_chords
Free,Dara Maclean,D,missing_chords
Crazy Not,Danny Gokey,D,missing_chords
Crazy Not To,Danny Gokey,D,missing_chords
I Will Not Say Goodbye,Danny Gokey,Am,missing_chords
My Best Days Are Ahead Of Me,Danny Gokey,G,missing_chords
How Good It Is to Give Thanks,Danny Chamers,D,missing_chords
Admirable,Danilo Montero,Dm,missing_chords
Canta Al Señor,Danilo Montero,A,missing_chords
Cantaré De Tu Amor,Danilo Montero,C,missing_chords
Echad La Hoz,Danilo Montero,Bm,missing_chords
Broken Dream,Daniel Johnston,G,missing_chords
Casper The Friendly Ghost,Daniel Johnston,C,missing_chords
Chord Organ Blues,Daniel Johnston,C,missing_chords
Come To Me Tonight,Daniel Johnston,G,missing_chords
"My Life is in You Lord (English, Nepali)",Daniel Gardner (Hillsong),,missing_chords
Jesus Is Lord,Daniel Chua,C,missing_chords
Table of Plenty,Dan Schutte,D,missing_chords
You Are Near,Dan Schutte,G,missing_chords
Paper Kite,Damien Jurado,D#m,missing_chords
Love Runs Home,Dakoda Motor Company,D,missing_chords
Everything In My Life,Da Kine Ent,B,missing_chords
Forever,Everybodyduck,G,missing_chords
"Grace, Grace",Everybodyduck,G,missing_chords
Gracia Sublime,Evan Craft,G,missing_chords
I See The Lord,Danny Daniels,D,missing_chords
King Of The Ages Eoghan,Eoghan,,missing_chords
He Will Come,Enter the Worship Circle,C,missing_chords
En tu luz,En Espiritu y en Verdad,E,missing_chords
En Tu Presencia,En Espiritu y en Verdad,D,missing_chords
Somos Libres,En Espiritu y en Verdad,A,missing_chords
Somos Libres,En Espiritu y en Verdad,Bb,missing_chords
Tú eres Dios,En Espiritu y en Verdad,A,missing_chords
Do Not Be Afraid,Emmaus,G,missing_chords
"O Come, O Come Emmanuel",Emmanuel/Plainsong,Em,missing_chords
Ancient of Days,Emmanuel King,C,missing_chords
Espíritu de Dios llena mi ser,Elim,Am,missing_chords
